voltage,current,power,energy,timestamp,date
0.0,0.037,0.5,0.000546,19:05:2025 16:26:15.00,2025-05-19
0.0,0.037,0.5,0.000546,19:05:2025 16:26:18.45,2025-05-19
0.0,0.037,0.5,0.000546,19:05:2025 16:26:21.59,2025-05-19
0.0,0.037,0.5,0.000546,19:05:2025 16:26:24.75,2025-05-19
0.0,0.037,0.5,0.000546,19:05:2025 16:26:27.92,2025-05-19
0.0,0.037,0.5,0.000546,19:05:2025 16:26:31.25,2025-05-19
0.0,0.037,0.5,0.000546,19:05:2025 16:26:34.40,2025-05-19
0.0,0.037,0.5,0.000546,19:05:2025 16:26:37.55,2025-05-19
0.0,0.037,0.5,0.000546,19:05:2025 16:26:40.69,2025-05-19
0.0,0.037,0.5,0.000546,19:05:2025 16:26:44.13,2025-05-19
246.5,536871.4,0.5,0.00055,19:05:2025 16:26:47.18,2025-05-19
247.0,0.037,0.4,0.000546,19:05:2025 16:26:50.23,2025-05-19
247.0,0.037,0.5,0.000546,19:05:2025 16:26:53.28,2025-05-19
246.8,0.037,0.4,0.000546,19:05:2025 16:26:56.32,2025-05-19
246.8,0.037,0.5,0.000546,19:05:2025 16:26:59.38,2025-05-19
246.6,0.037,0.4,0.000546,19:05:2025 16:27:02.43,2025-05-19
246.3,0.037,0.4,0.000546,19:05:2025 16:27:05.48,2025-05-19
246.0,0.037,0.4,0.000546,19:05:2025 16:27:08.81,2025-05-19
246.1,0.037,0.4,0.000546,19:05:2025 16:27:12.21,2025-05-19
245.9,0.037,0.5,0.000546,19:05:2025 16:27:15.30,2025-05-19
246.3,0.037,0.4,0.000546,19:05:2025 16:27:18.47,2025-05-19
246.2,0.037,0.4,0.000546,19:05:2025 16:27:21.60,2025-05-19
246.2,0.037,0.5,0.000546,19:05:2025 16:27:24.67,2025-05-19
246.1,0.037,0.4,0.000546,19:05:2025 16:27:27.71,2025-05-19
246.5,0.037,0.5,0.000546,19:05:2025 16:27:30.80,2025-05-19
246.4,0.037,0.5,0.000546,19:05:2025 16:27:34.06,2025-05-19
246.3,0.037,0.5,0.000546,19:05:2025 16:27:37.12,2025-05-19
246.9,0.037,0.5,0.000546,19:05:2025 16:27:40.18,2025-05-19
246.7,0.037,0.5,0.000546,19:05:2025 16:27:43.23,2025-05-19
246.5,0.037,0.5,0.000546,19:05:2025 16:27:46.27,2025-05-19
246.2,0.37,79.5,0.000546,19:05:2025 16:27:49.32,2025-05-19
246.2,0.393,86.0,0.000546,19:05:2025 16:27:55.13,2025-05-19
246.0,0.397,87.3,0.000546,19:05:2025 16:27:58.21,2025-05-19
245.8,0.4,87.9,0.000546,19:05:2025 16:28:01.25,2025-05-19
245.9,0.4,88.1,0.000546,19:05:2025 16:28:04.30,2025-05-19
246.0,0.399,87.9,0.000546,19:05:2025 16:28:07.34,2025-05-19
246.2,0.4,88.2,0.000546,19:05:2025 16:28:10.46,2025-05-19
246.4,0.397,87.3,0.000546,19:05:2025 16:28:13.51,2025-05-19
246.2,0.392,86.0,0.000546,19:05:2025 16:28:16.58,2025-05-19
246.5,0.39,85.5,0.000546,19:05:2025 16:28:19.64,2025-05-19
246.5,0.389,85.1,0.000546,19:05:2025 16:28:22.69,2025-05-19
246.3,0.415,91.7,0.000547,19:05:2025 16:28:25.90,2025-05-19
246.0,0.454,102.7,0.000547,19:05:2025 16:28:28.95,2025-05-19
246.3,0.453,102.5,0.000547,19:05:2025 16:28:32.03,2025-05-19
246.2,0.452,102.3,0.000547,19:05:2025 16:28:35.12,2025-05-19
246.5,0.448,101.5,0.000547,19:05:2025 16:28:38.19,2025-05-19
247.1,0.447,101.2,0.000547,19:05:2025 16:28:41.24,2025-05-19
246.9,0.444,100.5,0.000547,19:05:2025 16:28:44.29,2025-05-19
248.6,0.442,100.5,0.000547,19:05:2025 16:28:47.36,2025-05-19
248.8,0.408,91.4,0.000547,19:05:2025 16:28:50.41,2025-05-19
248.7,0.378,82.6,0.000547,19:05:2025 16:28:53.48,2025-05-19
248.5,0.377,82.3,0.000547,19:05:2025 16:28:56.52,2025-05-19
248.7,0.377,82.4,0.000548,19:05:2025 16:28:59.58,2025-05-19
248.8,0.378,82.6,0.000548,19:05:2025 16:29:02.64,2025-05-19
248.7,0.378,82.4,0.000548,19:05:2025 16:29:05.72,2025-05-19
248.8,0.378,82.4,0.000548,19:05:2025 16:29:08.95,2025-05-19
249.0,0.378,82.5,0.000548,19:05:2025 16:29:12.01,2025-05-19
248.6,0.376,82.1,0.000548,19:05:2025 16:29:15.06,2025-05-19
248.7,0.378,82.4,0.000548,19:05:2025 16:29:18.12,2025-05-19
248.8,0.377,82.2,0.000548,19:05:2025 16:29:21.17,2025-05-19
248.7,0.376,82.1,0.000548,19:05:2025 16:29:24.27,2025-05-19
247.8,0.377,82.0,0.000548,19:05:2025 16:29:27.32,2025-05-19
248.7,0.377,82.3,0.000548,19:05:2025 16:29:30.37,2025-05-19
248.7,0.378,82.6,0.000548,19:05:2025 16:29:33.42,2025-05-19
248.7,0.379,82.9,0.000548,19:05:2025 16:29:36.47,2025-05-19
248.8,0.38,83.1,0.000548,19:05:2025 16:29:39.52,2025-05-19
248.7,0.38,83.2,0.000548,19:05:2025 16:29:42.59,2025-05-19
248.8,0.381,83.5,0.000549,19:05:2025 16:29:45.64,2025-05-19
248.8,0.381,83.3,0.000549,19:05:2025 16:29:48.73,2025-05-19
248.9,0.381,83.4,0.000549,19:05:2025 16:29:51.77,2025-05-19
248.9,0.382,83.8,0.000549,19:05:2025 16:29:54.83,2025-05-19
248.8,0.383,84.0,0.000549,19:05:2025 16:29:57.89,2025-05-19
249.0,0.384,84.3,0.000549,19:05:2025 16:30:00.94,2025-05-19
248.7,0.385,84.6,0.000549,19:05:2025 16:30:04.61,2025-05-19
248.7,0.385,84.7,0.000549,19:05:2025 16:30:07.84,2025-05-19
249.0,0.387,85.1,0.000549,19:05:2025 16:30:13.70,2025-05-19
248.9,0.386,84.9,0.000549,19:05:2025 16:30:16.76,2025-05-19
248.9,0.388,85.4,0.000549,19:05:2025 16:30:19.82,2025-05-19
249.1,0.387,85.3,0.000549,19:05:2025 16:30:22.87,2025-05-19
249.0,0.389,85.9,0.00055,19:05:2025 16:30:25.92,2025-05-19
249.0,0.388,85.6,0.00055,19:05:2025 16:30:28.97,2025-05-19
249.2,0.389,85.7,0.00055,19:05:2025 16:30:32.02,2025-05-19
249.1,0.389,85.7,0.00055,19:05:2025 16:30:39.85,2025-05-19
249.1,0.389,85.8,0.00055,19:05:2025 16:30:45.68,2025-05-19
249.3,0.389,85.8,0.00055,19:05:2025 16:30:48.94,2025-05-19
249.3,0.389,86.0,0.00055,19:05:2025 16:30:52.10,2025-05-19
249.5,0.391,86.3,0.00055,19:05:2025 16:30:55.15,2025-05-19
249.3,0.391,86.3,0.00055,19:05:2025 16:30:58.21,2025-05-19
249.5,0.39,86.1,0.00055,19:05:2025 16:31:01.27,2025-05-19
249.4,0.391,86.3,0.00055,19:05:2025 16:31:04.31,2025-05-19
249.2,0.392,86.6,0.00055,19:05:2025 16:31:07.40,2025-05-19
249.5,0.39,86.3,0.000551,19:05:2025 16:31:10.46,2025-05-19
249.7,0.391,86.6,0.000551,19:05:2025 16:31:13.51,2025-05-19
249.8,0.391,86.6,0.000551,19:05:2025 16:31:16.76,2025-05-19
249.8,0.391,86.4,0.000551,19:05:2025 16:31:19.81,2025-05-19
250.0,0.391,86.7,0.000551,19:05:2025 16:31:22.86,2025-05-19
249.9,0.391,86.6,0.000551,19:05:2025 16:31:25.92,2025-05-19
250.0,0.391,86.6,0.000551,19:05:2025 16:31:28.98,2025-05-19
250.0,0.391,86.6,0.000551,19:05:2025 16:31:32.03,2025-05-19
249.8,0.392,86.7,0.000551,19:05:2025 16:31:35.08,2025-05-19
249.8,0.392,86.8,0.000551,19:05:2025 16:31:38.13,2025-05-19
250.0,0.392,86.8,0.000551,19:05:2025 16:31:41.18,2025-05-19
250.1,0.393,87.0,0.000551,19:05:2025 16:31:44.25,2025-05-19
250.2,0.392,86.8,0.000551,19:05:2025 16:31:47.31,2025-05-19
250.2,0.392,86.8,0.000551,19:05:2025 16:31:50.36,2025-05-19
250.2,0.392,86.8,0.000552,19:05:2025 16:31:53.42,2025-05-19
250.1,0.392,86.9,0.000552,19:05:2025 16:31:56.48,2025-05-19
250.2,0.392,86.7,0.000552,19:05:2025 16:32:00.33,2025-05-19
250.5,0.391,86.7,0.000552,19:05:2025 16:32:06.45,2025-05-19
250.3,0.391,86.7,0.000552,19:05:2025 16:32:20.47,2025-05-19
250.3,0.392,86.7,0.000552,19:05:2025 16:32:23.55,2025-05-19
250.1,0.392,86.8,0.000552,19:05:2025 16:32:26.60,2025-05-19
250.2,0.391,86.6,0.000552,19:05:2025 16:32:29.65,2025-05-19
250.3,0.391,86.6,0.000553,19:05:2025 16:32:32.70,2025-05-19
250.3,0.392,86.7,0.000553,19:05:2025 16:32:35.75,2025-05-19
250.4,0.392,86.8,0.000553,19:05:2025 16:32:39.31,2025-05-19
250.4,0.392,86.7,0.000553,19:05:2025 16:32:42.46,2025-05-19
250.4,0.392,86.8,0.000553,19:05:2025 16:32:45.58,2025-05-19
250.4,0.392,86.7,0.000553,19:05:2025 16:32:48.64,2025-05-19
250.3,0.391,86.7,0.000553,19:05:2025 16:32:51.76,2025-05-19
250.4,0.392,86.7,0.000553,19:05:2025 16:32:54.82,2025-05-19
250.2,0.391,86.6,0.000553,19:05:2025 16:32:57.90,2025-05-19
250.2,0.391,86.5,0.000553,19:05:2025 16:33:00.94,2025-05-19
250.1,0.391,86.6,0.000553,19:05:2025 16:33:04.00,2025-05-19
250.2,0.391,86.6,0.000553,19:05:2025 16:33:07.05,2025-05-19
250.0,0.392,86.6,0.000553,19:05:2025 16:33:10.10,2025-05-19
250.0,0.391,86.4,0.000553,19:05:2025 16:33:13.15,2025-05-19
250.1,0.391,86.4,0.000554,19:05:2025 16:33:16.20,2025-05-19
250.1,0.392,86.7,0.000554,19:05:2025 16:33:19.25,2025-05-19
251.0,0.392,86.8,0.000554,19:05:2025 16:33:22.30,2025-05-19
251.0,0.391,86.6,0.000554,19:05:2025 16:33:25.35,2025-05-19
250.9,0.391,86.6,0.000554,19:05:2025 16:33:28.40,2025-05-19
250.8,0.391,86.7,0.000554,19:05:2025 16:33:31.44,2025-05-19
250.9,0.391,86.5,0.000554,19:05:2025 16:33:34.50,2025-05-19
250.5,0.391,86.5,0.000554,19:05:2025 16:33:37.91,2025-05-19
250.5,0.391,86.5,0.000554,19:05:2025 16:33:41.03,2025-05-19
251.1,0.39,86.4,0.000554,19:05:2025 16:33:44.08,2025-05-19
251.0,0.391,86.5,0.000554,19:05:2025 16:33:47.13,2025-05-19
251.1,0.39,86.4,0.000554,19:05:2025 16:33:50.19,2025-05-19
251.1,0.39,86.4,0.000554,19:05:2025 16:33:54.16,2025-05-19
251.0,0.391,86.6,0.000555,19:05:2025 16:33:57.21,2025-05-19
250.9,0.391,86.6,0.000555,19:05:2025 16:34:03.10,2025-05-19
250.9,0.39,86.3,0.000555,19:05:2025 16:34:06.16,2025-05-19
251.0,0.39,86.3,0.000555,19:05:2025 16:34:09.22,2025-05-19
250.8,0.39,86.3,0.000555,19:05:2025 16:34:12.27,2025-05-19
250.8,0.39,86.3,0.000555,19:05:2025 16:34:15.34,2025-05-19
250.8,0.39,86.3,0.000555,19:05:2025 16:34:18.59,2025-05-19
250.8,0.389,86.1,0.000555,19:05:2025 16:34:21.67,2025-05-19
250.6,0.389,86.1,0.000555,19:05:2025 16:34:24.73,2025-05-19
250.7,0.39,86.1,0.000555,19:05:2025 16:34:27.78,2025-05-19
250.8,0.389,86.1,0.000555,19:05:2025 16:34:30.85,2025-05-19
250.9,0.389,86.0,0.000555,19:05:2025 16:34:33.92,2025-05-19
250.9,0.389,85.9,0.000555,19:05:2025 16:34:36.99,2025-05-19
250.1,0.389,85.9,0.000556,19:05:2025 16:34:40.06,2025-05-19
249.5,0.389,85.8,0.000556,19:05:2025 16:34:43.10,2025-05-19
249.2,0.39,85.9,0.000556,19:05:2025 16:34:46.34,2025-05-19
249.4,0.389,85.7,0.000556,19:05:2025 16:34:49.39,2025-05-19
249.6,0.39,85.9,0.000556,19:05:2025 16:34:52.44,2025-05-19
249.5,0.389,85.9,0.000556,19:05:2025 16:34:55.48,2025-05-19
249.6,0.389,85.7,0.000556,19:05:2025 16:34:58.54,2025-05-19
249.4,0.389,85.7,0.000556,19:05:2025 16:35:01.83,2025-05-19
249.2,0.389,85.6,0.000556,19:05:2025 16:35:04.98,2025-05-19
249.4,0.389,85.6,0.000556,19:05:2025 16:37:40.72,2025-05-19
249.6,0.388,85.4,0.000557,19:05:2025 16:37:40.75,2025-05-19
249.7,0.388,85.6,0.000557,19:05:2025 16:37:40.72,2025-05-19
249.1,0.388,85.4,0.000557,19:05:2025 16:37:40.75,2025-05-19
248.9,0.388,85.4,0.000557,19:05:2025 16:37:40.80,2025-05-19
249.5,0.387,85.1,0.000558,19:05:2025 16:37:40.81,2025-05-19
249.4,0.387,85.2,0.000557,19:05:2025 16:37:40.81,2025-05-19
249.0,0.387,84.9,0.000558,19:05:2025 16:37:40.83,2025-05-19
248.6,0.387,84.8,0.000558,19:05:2025 16:37:40.84,2025-05-19
248.8,0.386,84.7,0.000559,19:05:2025 16:37:40.85,2025-05-19
248.7,0.387,85.0,0.000558,19:05:2025 16:37:40.84,2025-05-19
248.9,0.386,84.8,0.000559,19:05:2025 16:37:40.88,2025-05-19
248.6,0.385,84.5,0.000559,19:05:2025 16:37:40.94,2025-05-19
248.7,0.385,84.5,0.000559,19:05:2025 16:37:40.94,2025-05-19
249.2,0.389,85.5,0.000556,19:05:2025 16:37:40.71,2025-05-19
249.0,0.386,84.6,0.000559,19:05:2025 16:37:41.01,2025-05-19
248.7,0.385,84.6,0.000559,19:05:2025 16:37:40.89,2025-05-19
249.0,0.384,84.3,0.00056,19:05:2025 16:37:41.02,2025-05-19
248.8,0.388,85.3,0.000557,19:05:2025 16:37:40.79,2025-05-19
248.9,0.384,84.2,0.00056,19:05:2025 16:37:45.92,2025-05-19
248.8,0.384,84.2,0.00056,19:05:2025 16:37:49.04,2025-05-19
248.7,0.384,84.1,0.00056,19:05:2025 16:37:52.08,2025-05-19
248.8,0.384,84.2,0.00056,19:05:2025 16:37:55.13,2025-05-19
248.8,0.383,83.9,0.00056,19:05:2025 16:37:58.17,2025-05-19
249.5,0.383,84.0,0.00056,19:05:2025 16:38:01.27,2025-05-19
249.5,0.383,84.0,0.00056,19:05:2025 16:38:04.34,2025-05-19
249.4,0.383,84.0,0.000561,19:05:2025 16:38:07.39,2025-05-19
249.3,0.383,83.9,0.000561,19:05:2025 16:38:10.45,2025-05-19
249.3,0.383,83.9,0.000561,19:05:2025 16:38:13.50,2025-05-19
249.1,0.383,84.1,0.000561,19:05:2025 16:38:16.55,2025-05-19
248.8,0.43,96.5,0.000561,19:05:2025 16:38:19.58,2025-05-19
248.8,0.451,102.8,0.000561,19:05:2025 16:38:22.63,2025-05-19
249.0,0.41,92.1,0.000561,19:05:2025 16:38:25.71,2025-05-19
248.9,0.391,86.1,0.000561,19:05:2025 16:38:28.78,2025-05-19
248.9,0.393,86.9,0.000561,19:05:2025 16:38:31.82,2025-05-19
248.8,0.395,87.3,0.000561,19:05:2025 16:38:34.88,2025-05-19
248.7,0.397,87.8,0.000561,19:05:2025 16:38:37.93,2025-05-19
248.7,0.399,88.3,0.000561,19:05:2025 16:38:40.97,2025-05-19
0.0,0.399,88.3,0.000561,19:05:2025 16:38:44.03,2025-05-19
0.0,0.399,88.3,0.000561,19:05:2025 16:38:47.13,2025-05-19
0.0,0.399,88.3,0.000561,19:05:2025 16:38:50.20,2025-05-19
0.0,0.399,88.3,0.000561,19:05:2025 16:38:53.30,2025-05-19
0.0,0.399,88.3,0.000561,19:05:2025 16:38:56.38,2025-05-19
0.0,0.399,88.3,0.000561,19:05:2025 16:38:59.45,2025-05-19
0.0,0.399,88.3,0.000561,19:05:2025 16:39:02.53,2025-05-19
0.0,0.399,88.3,0.000561,19:05:2025 16:39:05.60,2025-05-19
0.0,0.399,88.3,0.000561,19:05:2025 16:39:08.66,2025-05-19
0.0,0.399,88.3,0.000561,19:05:2025 16:39:11.77,2025-05-19
0.0,0.399,88.3,0.000561,19:05:2025 16:39:14.84,2025-05-19
0.0,0.399,88.3,0.000561,19:05:2025 16:39:17.91,2025-05-19
0.0,0.399,88.3,0.000561,19:05:2025 16:39:21.00,2025-05-19
0.0,0.399,88.3,0.000561,19:05:2025 16:39:24.11,2025-05-19
0.0,0.399,88.3,0.000561,19:05:2025 16:39:27.35,2025-05-19
0.0,0.399,88.3,0.000561,19:05:2025 16:39:30.44,2025-05-19
0.0,0.399,88.3,0.000561,19:05:2025 16:39:33.52,2025-05-19
0.0,0.399,88.3,0.000561,19:05:2025 16:39:36.61,2025-05-19
0.0,0.399,88.3,0.000561,19:05:2025 16:39:39.68,2025-05-19
0.0,0.399,88.3,0.000561,19:05:2025 16:39:42.74,2025-05-19
0.0,0.399,88.3,0.000561,19:05:2025 16:39:45.84,2025-05-19
0.0,0.399,88.3,0.000561,19:05:2025 16:39:48.92,2025-05-19
0.0,0.399,88.3,0.000561,19:05:2025 16:39:52.01,2025-05-19
249.1,0.416,93.3,0.000565,19:05:2025 16:40:54.96,2025-05-19
249.2,0.416,93.3,0.000565,19:05:2025 16:40:58.29,2025-05-19
249.3,0.415,93.0,0.000565,19:05:2025 16:41:01.40,2025-05-19
249.3,0.415,93.1,0.000565,19:05:2025 16:41:04.55,2025-05-19
249.2,0.415,93.1,0.000565,19:05:2025 16:41:07.65,2025-05-19
249.2,0.415,93.0,0.000565,19:05:2025 16:41:10.75,2025-05-19
249.2,0.415,92.9,0.000565,19:05:2025 16:41:13.85,2025-05-19
249.2,0.414,92.8,0.000566,19:05:2025 16:41:16.96,2025-05-19
249.3,0.414,92.8,0.000566,19:05:2025 16:41:20.04,2025-05-19
249.4,0.414,92.9,0.000566,19:05:2025 16:41:23.19,2025-05-19
249.4,0.413,92.6,0.000566,19:05:2025 16:41:26.27,2025-05-19
249.2,0.414,92.6,0.000566,19:05:2025 16:41:29.37,2025-05-19
249.3,0.414,92.6,0.000566,19:05:2025 16:41:32.47,2025-05-19
249.2,0.414,92.7,0.000566,19:05:2025 16:41:35.57,2025-05-19
249.2,0.481,111.0,0.000566,19:05:2025 16:41:38.67,2025-05-19
249.0,0.481,111.1,0.000566,19:05:2025 16:41:41.78,2025-05-19
249.1,0.484,111.9,0.000566,19:05:2025 16:41:44.90,2025-05-19
249.1,0.485,112.0,0.000566,19:05:2025 16:41:48.00,2025-05-19
249.0,0.487,112.7,0.000567,19:05:2025 16:41:51.10,2025-05-19
249.1,0.489,113.2,0.000567,19:05:2025 16:41:54.21,2025-05-19
249.1,0.491,113.6,0.000567,19:05:2025 16:41:57.90,2025-05-19
249.2,0.492,114.0,0.000567,19:05:2025 16:42:00.99,2025-05-19
249.3,0.493,114.4,0.000567,19:05:2025 16:42:04.10,2025-05-19
249.1,0.495,114.9,0.000567,19:05:2025 16:42:07.21,2025-05-19
249.3,0.496,115.2,0.000567,19:05:2025 16:42:10.31,2025-05-19
249.1,0.498,115.6,0.000567,19:05:2025 16:42:13.40,2025-05-19
249.1,0.5,116.1,0.000567,19:05:2025 16:42:16.51,2025-05-19
249.2,0.5,116.1,0.000567,19:05:2025 16:42:19.63,2025-05-19
249.0,0.5,116.2,0.000568,19:05:2025 16:42:22.73,2025-05-19
249.0,0.502,116.5,0.000568,19:05:2025 16:42:25.84,2025-05-19
249.6,0.502,116.9,0.000568,19:05:2025 16:42:28.95,2025-05-19
249.5,0.503,117.2,0.000568,19:05:2025 16:42:32.06,2025-05-19
249.6,0.504,117.3,0.000568,19:05:2025 16:42:35.16,2025-05-19
250.0,0.504,117.5,0.000568,19:05:2025 16:42:38.28,2025-05-19
250.0,0.505,117.7,0.000568,19:05:2025 16:42:41.37,2025-05-19
249.9,0.505,117.8,0.000568,19:05:2025 16:42:44.49,2025-05-19
249.7,0.447,102.4,0.000568,19:05:2025 16:42:47.59,2025-05-19
249.5,0.439,99.8,0.000568,19:05:2025 16:42:50.68,2025-05-19
250.0,0.439,99.7,0.000569,19:05:2025 16:42:53.78,2025-05-19
249.8,0.438,99.5,0.000569,19:05:2025 16:42:56.88,2025-05-19
249.5,0.437,99.1,0.000569,19:05:2025 16:42:59.99,2025-05-19
249.5,0.438,99.4,0.000569,19:05:2025 16:43:03.34,2025-05-19
249.3,0.437,99.1,0.000569,19:05:2025 16:43:06.44,2025-05-19
249.3,0.438,99.2,0.000569,19:05:2025 16:43:09.91,2025-05-19
249.1,0.438,99.2,0.000569,19:05:2025 16:43:13.05,2025-05-19
249.2,0.438,99.2,0.000569,19:05:2025 16:43:16.16,2025-05-19
249.3,0.436,98.8,0.000569,19:05:2025 16:43:19.26,2025-05-19
249.3,0.435,98.5,0.000569,19:05:2025 16:43:22.42,2025-05-19
249.5,0.435,98.5,0.000569,19:05:2025 16:43:25.58,2025-05-19
249.4,0.435,98.5,0.000569,19:05:2025 16:43:28.68,2025-05-19
249.3,0.435,98.5,0.00057,19:05:2025 16:43:31.78,2025-05-19
248.3,0.435,98.3,0.00057,19:05:2025 16:43:34.90,2025-05-19
248.6,0.435,98.3,0.00057,19:05:2025 16:43:38.43,2025-05-19
248.7,0.434,98.0,0.00057,19:05:2025 16:43:41.60,2025-05-19
249.0,0.434,98.1,0.00057,19:05:2025 16:43:44.69,2025-05-19
249.0,0.434,98.3,0.00057,19:05:2025 16:43:47.81,2025-05-19
249.3,0.435,98.5,0.00057,19:05:2025 16:43:50.92,2025-05-19
249.1,0.434,98.2,0.00057,19:05:2025 16:43:54.13,2025-05-19
249.2,0.434,98.3,0.00057,19:05:2025 16:43:57.35,2025-05-19
248.0,0.433,97.7,0.00057,19:05:2025 16:44:00.45,2025-05-19
248.0,0.434,97.8,0.00057,19:05:2025 16:44:03.62,2025-05-19
248.1,0.434,97.8,0.000571,19:05:2025 16:44:06.72,2025-05-19
248.1,0.433,97.6,0.000571,19:05:2025 16:44:09.83,2025-05-19
248.4,0.433,97.7,0.000571,19:05:2025 16:44:12.93,2025-05-19
248.3,0.432,97.6,0.000571,19:05:2025 16:44:16.08,2025-05-19
248.3,0.432,97.4,0.000571,19:05:2025 16:44:19.18,2025-05-19
248.4,0.431,97.3,0.000571,19:05:2025 16:44:22.28,2025-05-19
248.4,0.431,97.3,0.000571,19:05:2025 16:44:25.78,2025-05-19
248.3,0.431,97.3,0.000571,19:05:2025 16:44:28.87,2025-05-19
248.4,0.432,97.4,0.000571,19:05:2025 16:44:32.02,2025-05-19
248.3,0.431,97.3,0.000571,19:05:2025 16:44:35.20,2025-05-19
248.2,0.431,97.1,0.000571,19:05:2025 16:44:38.29,2025-05-19
248.2,0.431,97.1,0.000571,19:05:2025 16:44:41.38,2025-05-19
248.2,0.43,96.9,0.000572,19:05:2025 16:44:44.50,2025-05-19
248.1,0.43,96.9,0.000572,19:05:2025 16:44:48.10,2025-05-19
248.2,0.43,96.8,0.000572,19:05:2025 16:44:54.34,2025-05-19
248.3,0.43,96.8,0.000572,19:05:2025 16:44:57.57,2025-05-19
248.2,0.43,96.8,0.000572,19:05:2025 16:45:00.68,2025-05-19
248.1,0.43,96.9,0.000572,19:05:2025 16:45:03.80,2025-05-19
249.1,0.43,97.1,0.000572,19:05:2025 16:45:06.91,2025-05-19
249.3,0.429,97.0,0.000572,19:05:2025 16:45:10.01,2025-05-19
249.2,0.43,97.3,0.000572,19:05:2025 16:45:13.13,2025-05-19
249.2,0.432,97.6,0.000572,19:05:2025 16:45:16.31,2025-05-19
249.2,0.43,97.2,0.000573,19:05:2025 16:45:19.41,2025-05-19
249.1,0.431,97.5,0.000573,19:05:2025 16:45:22.52,2025-05-19
249.2,0.431,97.5,0.000573,19:05:2025 16:45:25.68,2025-05-19
249.1,0.431,97.5,0.000573,19:05:2025 16:45:28.80,2025-05-19
249.2,0.429,96.9,0.000573,19:05:2025 16:45:31.94,2025-05-19
249.2,0.429,96.9,0.000573,19:05:2025 16:45:42.52,2025-05-19
249.0,0.429,96.8,0.000573,19:05:2025 16:45:43.55,2025-05-19
249.0,0.428,96.5,0.000573,19:05:2025 16:45:46.70,2025-05-19
248.6,0.429,96.7,0.000573,19:05:2025 16:45:50.00,2025-05-19
248.9,0.428,96.5,0.000573,19:05:2025 16:45:53.10,2025-05-19
248.9,0.428,96.4,0.000573,19:05:2025 16:45:56.20,2025-05-19
248.7,0.427,96.3,0.000574,19:05:2025 16:45:59.30,2025-05-19
248.6,0.428,96.5,0.000574,19:05:2025 16:46:02.43,2025-05-19
248.7,0.427,96.3,0.000574,19:05:2025 16:46:05.57,2025-05-19
248.6,0.427,96.2,0.000574,19:05:2025 16:46:08.68,2025-05-19
248.7,0.427,96.1,0.000574,19:05:2025 16:46:11.77,2025-05-19
248.5,0.426,95.8,0.000574,19:05:2025 16:46:14.88,2025-05-19
248.2,0.425,95.7,0.000574,19:05:2025 16:46:18.02,2025-05-19
248.5,0.425,95.7,0.000574,19:05:2025 16:46:21.10,2025-05-19
248.5,0.428,96.3,0.000574,19:05:2025 16:46:24.20,2025-05-19
248.8,0.428,96.4,0.000574,19:05:2025 16:46:27.68,2025-05-19
249.1,0.428,96.5,0.000574,19:05:2025 16:46:30.83,2025-05-19
249.0,0.427,96.3,0.000575,19:05:2025 16:46:36.34,2025-05-19
249.1,0.427,96.3,0.000575,19:05:2025 16:46:39.42,2025-05-19
249.2,0.427,96.2,0.000575,19:05:2025 16:46:42.56,2025-05-19
249.2,0.426,96.2,0.000575,19:05:2025 16:46:45.65,2025-05-19
249.1,0.425,95.9,0.000575,19:05:2025 16:46:49.02,2025-05-19
249.1,0.425,95.6,0.000575,19:05:2025 16:46:52.12,2025-05-19
249.2,0.424,95.6,0.000575,19:05:2025 16:46:55.23,2025-05-19
248.9,0.425,95.6,0.000575,19:05:2025 16:46:58.34,2025-05-19
248.9,0.425,95.7,0.000575,19:05:2025 16:47:01.44,2025-05-19
249.0,0.425,95.8,0.000575,19:05:2025 16:47:04.55,2025-05-19
248.8,0.424,95.3,0.000575,19:05:2025 16:47:07.66,2025-05-19
248.8,0.423,95.2,0.000575,19:05:2025 16:47:10.78,2025-05-19
249.3,0.422,95.1,0.000576,19:05:2025 16:47:13.88,2025-05-19
249.5,0.422,94.9,0.000576,19:05:2025 16:47:16.98,2025-05-19
249.8,0.421,94.8,0.000576,19:05:2025 16:47:20.09,2025-05-19
249.9,0.422,95.0,0.000576,19:05:2025 16:47:23.19,2025-05-19
249.3,0.421,94.8,0.000576,19:05:2025 16:47:26.31,2025-05-19
249.5,0.421,94.9,0.000576,19:05:2025 16:47:29.41,2025-05-19
249.6,0.42,94.5,0.000576,19:05:2025 16:47:32.51,2025-05-19
249.6,0.42,94.5,0.000576,19:05:2025 16:47:35.61,2025-05-19
249.5,0.42,94.5,0.000576,19:05:2025 16:47:38.71,2025-05-19
249.5,0.422,94.8,0.000576,19:05:2025 16:47:41.81,2025-05-19
249.4,0.42,94.4,0.000576,19:05:2025 16:47:44.92,2025-05-19
249.3,0.419,94.1,0.000576,19:05:2025 16:47:48.03,2025-05-19
249.0,0.419,94.0,0.000576,19:05:2025 16:47:51.13,2025-05-19
249.3,0.419,94.1,0.000577,19:05:2025 16:47:54.24,2025-05-19
249.0,0.418,93.9,0.000577,19:05:2025 16:47:57.35,2025-05-19
249.2,0.42,94.3,0.000577,19:05:2025 16:48:00.51,2025-05-19
249.0,0.419,94.0,0.000577,19:05:2025 16:48:03.62,2025-05-19
249.1,0.419,94.1,0.000577,19:05:2025 16:48:06.72,2025-05-19
248.9,0.419,94.0,0.000577,19:05:2025 16:48:09.83,2025-05-19
249.1,0.418,93.8,0.000577,19:05:2025 16:48:12.93,2025-05-19
249.2,0.417,93.6,0.000577,19:05:2025 16:48:16.02,2025-05-19
249.4,0.417,93.6,0.000577,19:05:2025 16:48:19.13,2025-05-19
248.8,0.416,93.3,0.000577,19:05:2025 16:48:22.22,2025-05-19
248.7,0.416,93.2,0.000577,19:05:2025 16:48:25.34,2025-05-19
248.5,0.416,93.1,0.000577,19:05:2025 16:48:28.46,2025-05-19
249.2,0.414,92.8,0.000578,19:05:2025 16:48:31.60,2025-05-19
248.8,0.415,92.9,0.000578,19:05:2025 16:48:34.71,2025-05-19
248.9,0.415,93.0,0.000578,19:05:2025 16:48:37.81,2025-05-19
248.6,0.415,92.8,0.000578,19:05:2025 16:48:40.92,2025-05-19
248.7,0.414,92.7,0.000578,19:05:2025 16:48:44.02,2025-05-19
248.6,0.414,92.6,0.000578,19:05:2025 16:48:47.13,2025-05-19
248.6,0.414,92.7,0.000578,19:05:2025 16:48:50.24,2025-05-19
248.5,0.413,92.4,0.000578,19:05:2025 16:48:53.34,2025-05-19
248.9,0.413,92.4,0.000578,19:05:2025 16:48:56.44,2025-05-19
248.5,0.413,92.2,0.000578,19:05:2025 16:48:59.56,2025-05-19
248.7,0.412,92.2,0.000578,19:05:2025 16:49:02.67,2025-05-19
248.5,0.412,92.1,0.000578,19:05:2025 16:49:05.79,2025-05-19
248.8,0.412,92.1,0.000578,19:05:2025 16:49:09.00,2025-05-19
248.7,0.411,91.9,0.000579,19:05:2025 16:49:12.10,2025-05-19
248.6,0.411,91.7,0.000579,19:05:2025 16:49:15.20,2025-05-19
248.6,0.41,91.6,0.000579,19:05:2025 16:49:18.31,2025-05-19
248.6,0.411,91.8,0.000579,19:05:2025 16:49:21.39,2025-05-19
248.5,0.409,91.3,0.000579,19:05:2025 16:49:24.50,2025-05-19
248.8,0.41,91.5,0.000579,19:05:2025 16:49:27.60,2025-05-19
248.9,0.409,91.4,0.000579,19:05:2025 16:49:30.69,2025-05-19
248.7,0.409,91.3,0.000579,19:05:2025 16:49:33.81,2025-05-19
248.6,0.409,91.2,0.000579,19:05:2025 16:49:36.90,2025-05-19
248.8,0.409,91.2,0.000579,19:05:2025 16:49:40.01,2025-05-19
248.5,0.409,91.2,0.000579,19:05:2025 16:49:43.10,2025-05-19
248.8,0.409,91.2,0.000579,19:05:2025 16:49:46.25,2025-05-19
248.6,0.409,91.2,0.00058,19:05:2025 16:49:49.35,2025-05-19
248.9,0.408,91.1,0.00058,19:05:2025 16:49:52.45,2025-05-19
248.3,0.409,91.3,0.00058,19:05:2025 16:49:55.59,2025-05-19
248.8,0.409,91.3,0.00058,19:05:2025 16:49:58.69,2025-05-19
248.4,0.409,91.1,0.00058,19:05:2025 16:50:01.80,2025-05-19
248.7,0.408,91.1,0.00058,19:05:2025 16:50:04.89,2025-05-19
248.3,0.41,91.4,0.00058,19:05:2025 16:50:08.81,2025-05-19
248.7,0.409,91.1,0.00058,19:05:2025 16:50:14.80,2025-05-19
248.8,0.409,91.2,0.00058,19:05:2025 16:50:18.60,2025-05-19
249.0,0.409,91.3,0.00058,19:05:2025 16:50:22.01,2025-05-19
250.1,0.41,92.0,0.00058,19:05:2025 16:50:27.25,2025-05-19
250.1,0.413,92.8,0.000581,19:05:2025 16:50:30.74,2025-05-19
250.1,0.414,93.1,0.000581,19:05:2025 16:50:33.85,2025-05-19
250.5,0.416,93.7,0.000581,19:05:2025 16:50:37.00,2025-05-19
250.3,0.416,93.8,0.000581,19:05:2025 16:50:40.11,2025-05-19
250.5,0.417,93.9,0.000581,19:05:2025 16:50:43.21,2025-05-19
250.3,0.42,94.7,0.000581,19:05:2025 16:50:46.31,2025-05-19
250.4,0.42,94.8,0.000581,19:05:2025 16:50:49.41,2025-05-19
250.3,0.42,94.8,0.000581,19:05:2025 16:50:52.56,2025-05-19
250.3,0.421,95.2,0.000581,19:05:2025 16:50:55.76,2025-05-19
250.1,0.422,103.8,0.000581,19:05:2025 16:50:58.86,2025-05-19
249.8,0.488,113.7,0.000581,19:05:2025 16:51:01.95,2025-05-19
249.8,0.425,96.1,0.000582,19:05:2025 16:51:05.05,2025-05-19
250.0,0.424,95.7,0.000582,19:05:2025 16:51:08.17,2025-05-19
250.0,0.423,95.5,0.000582,19:05:2025 16:51:11.28,2025-05-19
250.0,0.425,96.1,0.000582,19:05:2025 16:51:14.38,2025-05-19
249.9,0.425,95.9,0.000582,19:05:2025 16:51:17.48,2025-05-19
250.0,0.423,95.7,0.000582,19:05:2025 16:51:20.58,2025-05-19
249.9,0.424,95.7,0.000582,19:05:2025 16:51:23.68,2025-05-19
250.0,0.423,95.7,0.000582,19:05:2025 16:51:26.80,2025-05-19
250.0,0.424,95.7,0.000582,19:05:2025 16:51:29.90,2025-05-19
249.8,0.423,95.5,0.000582,19:05:2025 16:51:33.00,2025-05-19
249.6,0.423,95.4,0.000582,19:05:2025 16:51:36.12,2025-05-19
249.8,0.422,95.3,0.000582,19:05:2025 16:51:39.23,2025-05-19
249.7,0.422,95.2,0.000582,19:05:2025 16:51:42.33,2025-05-19
249.7,0.422,95.2,0.000583,19:05:2025 16:51:45.42,2025-05-19
249.6,0.421,94.9,0.000583,19:05:2025 16:51:48.54,2025-05-19
249.6,0.42,94.8,0.000583,19:05:2025 16:51:51.64,2025-05-19
249.7,0.42,94.7,0.000583,19:05:2025 16:51:54.75,2025-05-19
249.9,0.42,94.7,0.000583,19:05:2025 16:51:57.85,2025-05-19
249.7,0.421,94.9,0.000583,19:05:2025 16:52:00.96,2025-05-19
249.7,0.42,94.7,0.000583,19:05:2025 16:52:04.05,2025-05-19
249.8,0.42,94.7,0.000583,19:05:2025 16:52:07.16,2025-05-19
249.5,0.42,94.6,0.000583,19:05:2025 16:52:10.26,2025-05-19
249.5,0.421,94.7,0.000583,19:05:2025 16:52:13.36,2025-05-19
249.3,0.42,94.6,0.000583,19:05:2025 16:52:16.46,2025-05-19
249.3,0.419,94.2,0.000584,19:05:2025 16:52:19.57,2025-05-19
249.1,0.418,94.0,0.000584,19:05:2025 16:52:22.65,2025-05-19
249.2,0.418,94.0,0.000584,19:05:2025 16:52:25.78,2025-05-19
249.2,0.418,93.8,0.000584,19:05:2025 16:52:28.88,2025-05-19
249.2,0.417,93.7,0.000584,19:05:2025 16:52:32.00,2025-05-19
249.2,0.417,93.5,0.000584,19:05:2025 16:52:35.09,2025-05-19
249.4,0.416,93.5,0.000584,19:05:2025 16:52:38.20,2025-05-19
249.2,0.415,93.3,0.000584,19:05:2025 16:52:41.31,2025-05-19
248.8,0.415,93.1,0.000584,19:05:2025 16:52:44.41,2025-05-19
248.4,0.415,92.9,0.000584,19:05:2025 16:52:47.50,2025-05-19
248.4,0.415,92.9,0.000584,19:05:2025 16:52:50.61,2025-05-19
248.2,0.416,93.1,0.000584,19:05:2025 16:52:53.70,2025-05-19
248.2,0.415,92.9,0.000584,19:05:2025 16:52:56.81,2025-05-19
248.1,0.415,92.8,0.000585,19:05:2025 16:52:59.91,2025-05-19
248.2,0.414,92.6,0.000585,19:05:2025 16:53:03.26,2025-05-19
248.1,0.414,92.7,0.000585,19:05:2025 16:53:06.37,2025-05-19
248.5,0.414,92.6,0.000585,19:05:2025 16:53:09.47,2025-05-19
248.0,0.413,92.3,0.000585,19:05:2025 16:53:13.84,2025-05-19
248.5,0.413,92.3,0.000585,19:05:2025 16:53:18.04,2025-05-19
248.8,0.412,92.2,0.000585,19:05:2025 16:53:21.14,2025-05-19
248.7,0.411,91.9,0.000585,19:05:2025 16:53:24.22,2025-05-19
248.8,0.411,92.0,0.000585,19:05:2025 16:53:27.33,2025-05-19
248.5,0.411,91.8,0.000585,19:05:2025 16:53:30.45,2025-05-19
248.9,0.41,91.8,0.000585,19:05:2025 16:53:33.55,2025-05-19
248.8,0.411,91.8,0.000586,19:05:2025 16:53:36.64,2025-05-19
248.9,0.41,91.7,0.000586,19:05:2025 16:53:39.76,2025-05-19
248.7,0.41,91.5,0.000586,19:05:2025 16:53:42.86,2025-05-19
248.9,0.41,91.6,0.000586,19:05:2025 16:53:45.95,2025-05-19
249.1,0.409,91.5,0.000586,19:05:2025 16:53:49.05,2025-05-19
249.0,0.409,91.3,0.000586,19:05:2025 16:53:52.36,2025-05-19
248.9,0.409,91.3,0.000586,19:05:2025 16:53:55.52,2025-05-19
249.2,0.408,91.3,0.000586,19:05:2025 16:53:58.64,2025-05-19
249.4,0.408,91.2,0.000586,19:05:2025 16:54:01.80,2025-05-19
249.1,0.408,91.2,0.000586,19:05:2025 16:54:04.89,2025-05-19
249.3,0.408,91.2,0.000586,19:05:2025 16:54:07.99,2025-05-19
249.2,0.407,90.9,0.000586,19:05:2025 16:54:11.08,2025-05-19
249.1,0.407,90.8,0.000586,19:05:2025 16:54:14.18,2025-05-19
249.1,0.407,90.7,0.000586,19:05:2025 16:54:17.29,2025-05-19
249.2,0.407,90.9,0.000587,19:05:2025 16:54:20.40,2025-05-19
247.6,0.406,90.3,0.000587,19:05:2025 16:54:23.50,2025-05-19
248.6,0.449,101.6,0.000587,19:05:2025 16:54:26.59,2025-05-19
248.5,0.472,108.4,0.000587,19:05:2025 16:54:29.69,2025-05-19
248.9,0.406,90.4,0.000587,19:05:2025 16:54:32.79,2025-05-19
248.7,0.457,103.8,0.000587,19:05:2025 16:54:35.88,2025-05-19
249.0,0.472,108.6,0.000587,19:05:2025 16:54:38.98,2025-05-19
249.5,0.407,90.9,0.000587,19:05:2025 16:54:42.08,2025-05-19
249.1,0.407,90.8,0.000587,19:05:2025 16:54:45.18,2025-05-19
249.2,0.407,91.0,0.000587,19:05:2025 16:54:48.27,2025-05-19
249.3,0.407,90.9,0.000587,19:05:2025 16:54:51.36,2025-05-19
249.1,0.408,91.0,0.000588,19:05:2025 16:54:54.47,2025-05-19
248.8,0.408,91.0,0.000588,19:05:2025 16:54:57.57,2025-05-19
248.6,0.408,91.0,0.000588,19:05:2025 16:55:00.66,2025-05-19
249.2,0.408,91.0,0.000588,19:05:2025 16:55:03.82,2025-05-19
249.4,0.407,90.9,0.000588,19:05:2025 16:55:06.97,2025-05-19
249.1,0.408,91.0,0.000588,19:05:2025 16:55:10.06,2025-05-19
249.1,0.407,91.0,0.000588,19:05:2025 16:55:13.18,2025-05-19
248.2,0.408,90.8,0.000588,19:05:2025 16:55:16.28,2025-05-19
249.1,0.407,90.9,0.000588,19:05:2025 16:55:19.54,2025-05-19
248.6,0.408,90.9,0.000588,19:05:2025 16:55:22.65,2025-05-19
248.6,0.408,90.9,0.000588,19:05:2025 16:55:25.74,2025-05-19
248.4,0.408,90.8,0.000588,19:05:2025 16:55:28.84,2025-05-19
248.9,0.408,91.1,0.000588,19:05:2025 16:55:31.94,2025-05-19
248.9,0.407,90.9,0.000589,19:05:2025 16:55:35.57,2025-05-19
248.8,0.407,90.8,0.000589,19:05:2025 16:55:38.66,2025-05-19
248.9,0.407,90.9,0.000589,19:05:2025 16:55:41.77,2025-05-19
248.7,0.407,90.8,0.000589,19:05:2025 16:55:44.87,2025-05-19
248.8,0.406,90.7,0.000589,19:05:2025 16:55:47.96,2025-05-19
249.0,0.407,90.9,0.000589,19:05:2025 16:55:51.06,2025-05-19
248.9,0.407,90.8,0.000589,19:05:2025 16:55:54.16,2025-05-19
248.5,0.407,90.8,0.000589,19:05:2025 16:55:57.28,2025-05-19
248.6,0.406,90.6,0.000589,19:05:2025 16:56:00.39,2025-05-19
248.9,0.406,90.6,0.000589,19:05:2025 16:56:03.49,2025-05-19
249.0,0.405,90.5,0.000589,19:05:2025 16:56:06.57,2025-05-19
248.6,0.406,90.5,0.000589,19:05:2025 16:56:09.67,2025-05-19
248.3,0.406,90.4,0.00059,19:05:2025 16:56:12.78,2025-05-19
248.5,0.406,90.4,0.00059,19:05:2025 16:56:15.88,2025-05-19
247.3,0.406,90.2,0.00059,19:05:2025 16:56:18.99,2025-05-19
247.6,0.405,90.2,0.00059,19:05:2025 16:56:22.09,2025-05-19
247.6,0.405,90.2,0.00059,19:05:2025 16:56:25.42,2025-05-19
247.6,0.405,90.0,0.00059,19:05:2025 16:56:29.10,2025-05-19
247.5,0.404,89.8,0.00059,19:05:2025 16:56:32.27,2025-05-19
247.5,0.404,89.7,0.00059,19:05:2025 16:56:35.81,2025-05-19
247.3,0.404,89.7,0.00059,19:05:2025 16:56:38.94,2025-05-19
247.1,0.404,89.7,0.00059,19:05:2025 16:56:42.05,2025-05-19
247.3,0.403,89.5,0.00059,19:05:2025 16:56:45.17,2025-05-19
247.2,0.404,89.5,0.00059,19:05:2025 16:56:48.26,2025-05-19
247.3,0.403,89.5,0.00059,19:05:2025 16:56:51.37,2025-05-19
247.3,0.403,89.4,0.000591,19:05:2025 16:56:54.49,2025-05-19
247.2,0.403,89.4,0.000591,19:05:2025 16:56:57.58,2025-05-19
247.3,0.403,89.3,0.000591,19:05:2025 16:57:00.69,2025-05-19
247.5,0.402,89.2,0.000591,19:05:2025 16:57:03.82,2025-05-19
247.6,0.402,89.2,0.000591,19:05:2025 16:57:06.94,2025-05-19
247.3,0.402,89.1,0.000591,19:05:2025 16:57:10.04,2025-05-19
247.3,0.401,89.0,0.000591,19:05:2025 16:57:13.15,2025-05-19
247.2,0.401,88.9,0.000591,19:05:2025 16:57:16.24,2025-05-19
247.2,0.467,106.8,0.000591,19:05:2025 16:57:19.36,2025-05-19
247.1,0.466,106.6,0.000591,19:05:2025 16:57:22.47,2025-05-19
247.2,0.467,106.9,0.000591,19:05:2025 16:57:25.57,2025-05-19
247.1,0.469,107.3,0.000591,19:05:2025 16:57:28.67,2025-05-19
247.5,0.471,108.1,0.000592,19:05:2025 16:57:31.76,2025-05-19
246.9,0.473,108.3,0.000592,19:05:2025 16:57:38.59,2025-05-19
247.0,0.478,109.7,0.000592,19:05:2025 16:57:41.81,2025-05-19
247.0,0.48,110.2,0.000592,19:05:2025 16:57:44.97,2025-05-19
247.2,0.481,110.6,0.000592,19:05:2025 16:57:48.13,2025-05-19
247.5,0.483,111.2,0.000592,19:05:2025 16:57:51.24,2025-05-19
247.5,0.484,111.5,0.000592,19:05:2025 16:57:54.35,2025-05-19
246.7,0.487,112.0,0.000592,19:05:2025 16:57:57.45,2025-05-19
246.8,0.488,112.4,0.000592,19:05:2025 16:58:00.55,2025-05-19
246.7,0.49,112.8,0.000592,19:05:2025 16:58:03.66,2025-05-19
246.9,0.492,113.4,0.000593,19:05:2025 16:58:06.78,2025-05-19
246.7,0.493,113.5,0.000593,19:05:2025 16:58:09.86,2025-05-19
246.7,0.495,114.2,0.000593,19:05:2025 16:58:13.04,2025-05-19
246.7,0.496,114.5,0.000593,19:05:2025 16:58:19.17,2025-05-19
247.1,0.498,115.2,0.000593,19:05:2025 16:58:22.29,2025-05-19
247.3,0.499,115.5,0.000593,19:05:2025 16:58:25.41,2025-05-19
247.0,0.503,116.3,0.000593,19:05:2025 16:58:28.62,2025-05-19
247.0,0.503,116.3,0.000593,19:05:2025 16:58:31.73,2025-05-19
247.3,0.491,113.7,0.000594,19:05:2025 16:58:35.16,2025-05-19
247.5,0.439,99.2,0.000594,19:05:2025 16:58:38.25,2025-05-19
247.5,0.44,99.6,0.000594,19:05:2025 16:58:41.34,2025-05-19
247.3,0.439,99.4,0.000594,19:05:2025 16:58:44.51,2025-05-19
247.6,0.44,99.6,0.000594,19:05:2025 16:58:48.46,2025-05-19
247.5,0.44,99.6,0.000594,19:05:2025 16:58:51.68,2025-05-19
247.6,0.44,99.6,0.000594,19:05:2025 16:58:54.78,2025-05-19
247.3,0.441,99.7,0.000594,19:05:2025 16:58:57.89,2025-05-19
247.5,0.44,99.5,0.000594,19:05:2025 16:59:00.99,2025-05-19
247.2,0.439,99.1,0.000594,19:05:2025 16:59:04.09,2025-05-19
247.5,0.44,99.5,0.000594,19:05:2025 16:59:07.18,2025-05-19
247.2,0.438,99.1,0.000594,19:05:2025 16:59:10.31,2025-05-19
247.3,0.438,98.9,0.000595,19:05:2025 16:59:16.02,2025-05-19
247.2,0.438,99.1,0.000595,19:05:2025 16:59:23.11,2025-05-19
247.0,0.436,98.4,0.000595,19:05:2025 16:59:29.14,2025-05-19
247.3,0.436,98.4,0.000595,19:05:2025 16:59:32.24,2025-05-19
247.7,0.435,98.4,0.000595,19:05:2025 16:59:35.33,2025-05-19
247.4,0.435,98.2,0.000595,19:05:2025 16:59:38.41,2025-05-19
247.1,0.435,98.2,0.000595,19:05:2025 16:59:41.52,2025-05-19
247.2,0.435,98.1,0.000595,19:05:2025 16:59:44.61,2025-05-19
247.4,0.434,97.9,0.000596,19:05:2025 16:59:47.90,2025-05-19
247.3,0.433,97.7,0.000596,19:05:2025 16:59:51.15,2025-05-19
247.3,0.433,97.6,0.000596,19:05:2025 16:59:54.29,2025-05-19
247.4,0.432,97.5,0.000596,19:05:2025 16:59:57.39,2025-05-19
247.3,0.432,97.4,0.000596,19:05:2025 17:00:00.49,2025-05-19
247.3,0.432,97.3,0.000596,19:05:2025 17:00:03.60,2025-05-19
247.5,0.432,97.3,0.000596,19:05:2025 17:00:06.70,2025-05-19
247.6,0.431,97.1,0.000596,19:05:2025 17:00:09.79,2025-05-19
247.6,0.431,97.1,0.000596,19:05:2025 17:00:13.27,2025-05-19
247.8,0.431,97.1,0.000596,19:05:2025 17:00:16.53,2025-05-19
247.5,0.43,97.0,0.000596,19:05:2025 17:00:19.81,2025-05-19
247.5,0.43,96.7,0.000596,19:05:2025 17:00:23.74,2025-05-19
247.6,0.43,96.8,0.000597,19:05:2025 17:00:26.87,2025-05-19
247.6,0.429,96.7,0.000597,19:05:2025 17:00:31.95,2025-05-19
247.1,0.428,96.3,0.000597,19:05:2025 17:00:35.32,2025-05-19
247.2,0.428,96.4,0.000597,19:05:2025 17:00:38.55,2025-05-19
247.7,0.428,96.5,0.000597,19:05:2025 17:00:41.65,2025-05-19
247.2,0.428,96.3,0.000597,19:05:2025 17:00:45.20,2025-05-19
246.3,0.428,96.1,0.000597,19:05:2025 17:00:48.37,2025-05-19
246.8,0.428,96.1,0.000597,19:05:2025 17:00:51.94,2025-05-19
247.2,0.429,96.6,0.000597,19:05:2025 17:00:55.05,2025-05-19
247.2,0.429,96.4,0.000597,19:05:2025 17:00:58.16,2025-05-19
247.2,0.428,96.1,0.000598,19:05:2025 17:01:01.28,2025-05-19
247.3,0.428,96.2,0.000598,19:05:2025 17:01:04.40,2025-05-19
247.2,0.427,96.1,0.000598,19:05:2025 17:01:07.52,2025-05-19
246.8,0.426,95.7,0.000598,19:05:2025 17:01:10.64,2025-05-19
247.0,0.426,95.8,0.000598,19:05:2025 17:01:13.74,2025-05-19
247.0,0.426,95.8,0.000598,19:05:2025 17:01:16.84,2025-05-19
247.0,0.425,95.4,0.000598,19:05:2025 17:01:19.95,2025-05-19
246.9,0.425,95.5,0.000598,19:05:2025 17:01:23.05,2025-05-19
247.2,0.425,95.5,0.000598,19:05:2025 17:01:26.15,2025-05-19
247.1,0.424,95.2,0.000598,19:05:2025 17:01:29.26,2025-05-19
247.3,0.424,95.2,0.000598,19:05:2025 17:01:32.35,2025-05-19
247.3,0.423,95.1,0.000598,19:05:2025 17:01:35.60,2025-05-19
247.3,0.423,95.0,0.000598,19:05:2025 17:01:38.69,2025-05-19
247.0,0.423,94.9,0.000599,19:05:2025 17:01:41.79,2025-05-19
246.7,0.423,94.7,0.000599,19:05:2025 17:01:44.93,2025-05-19
247.7,0.422,94.8,0.000599,19:05:2025 17:01:48.07,2025-05-19
247.5,0.423,94.9,0.000599,19:05:2025 17:01:51.16,2025-05-19
248.2,0.422,94.9,0.000599,19:05:2025 17:01:54.25,2025-05-19
248.1,0.422,94.7,0.000599,19:05:2025 17:01:57.39,2025-05-19
248.2,0.421,94.5,0.000599,19:05:2025 17:02:00.48,2025-05-19
247.6,0.421,94.4,0.000599,19:05:2025 17:02:03.58,2025-05-19
247.9,0.42,94.4,0.000599,19:05:2025 17:02:06.69,2025-05-19
247.9,0.42,94.2,0.000599,19:05:2025 17:02:09.81,2025-05-19
248.1,0.42,94.3,0.000599,19:05:2025 17:02:12.93,2025-05-19
248.0,0.419,94.1,0.0006,19:05:2025 17:02:16.07,2025-05-19
247.9,0.419,94.1,0.0006,19:05:2025 17:02:19.16,2025-05-19
248.0,0.418,93.9,0.0006,19:05:2025 17:02:22.26,2025-05-19
247.8,0.418,93.8,0.0006,19:05:2025 17:02:25.36,2025-05-19
247.6,0.418,93.7,0.0006,19:05:2025 17:02:28.55,2025-05-19
247.5,0.418,93.6,0.0006,19:05:2025 17:02:32.87,2025-05-19
247.7,0.417,93.4,0.0006,19:05:2025 17:02:36.62,2025-05-19
247.7,0.417,93.4,0.0006,19:05:2025 17:02:39.74,2025-05-19
247.3,0.416,93.1,0.0006,19:05:2025 17:02:42.84,2025-05-19
247.0,0.417,93.1,0.0006,19:05:2025 17:02:45.98,2025-05-19
247.1,0.416,93.0,0.0006,19:05:2025 17:02:49.53,2025-05-19
246.9,0.416,92.9,0.0006,19:05:2025 17:02:52.63,2025-05-19
247.1,0.417,93.1,0.000601,19:05:2025 17:02:55.73,2025-05-19
247.2,0.416,93.0,0.000601,19:05:2025 17:02:59.19,2025-05-19
247.2,0.416,93.1,0.000601,19:05:2025 17:03:02.38,2025-05-19
247.2,0.416,92.9,0.000601,19:05:2025 17:03:05.50,2025-05-19
247.4,0.415,92.8,0.000601,19:05:2025 17:03:08.61,2025-05-19
247.4,0.415,92.7,0.000601,19:05:2025 17:03:11.72,2025-05-19
247.7,0.414,92.6,0.000601,19:05:2025 17:03:15.01,2025-05-19
246.8,0.818,201.7,0.000601,19:05:2025 17:03:18.13,2025-05-19
247.1,0.818,201.9,0.000601,19:05:2025 17:03:21.27,2025-05-19
247.0,0.817,201.7,0.000601,19:05:2025 17:03:24.35,2025-05-19
247.0,0.817,201.6,0.000602,19:05:2025 17:03:27.47,2025-05-19
247.2,0.817,201.7,0.000602,19:05:2025 17:03:30.60,2025-05-19
246.3,0.814,200.2,0.000602,19:05:2025 17:03:33.69,2025-05-19
246.4,0.814,200.2,0.000602,19:05:2025 17:03:36.78,2025-05-19
246.5,0.814,200.3,0.000602,19:05:2025 17:03:39.88,2025-05-19
246.6,0.814,200.3,0.000603,19:05:2025 17:03:43.00,2025-05-19
246.7,0.814,200.6,0.000603,19:05:2025 17:03:46.26,2025-05-19
247.1,0.815,201.0,0.000603,19:05:2025 17:03:49.37,2025-05-19
246.8,0.814,200.6,0.000603,19:05:2025 17:03:52.47,2025-05-19
246.9,0.814,200.7,0.000603,19:05:2025 17:03:55.56,2025-05-19
246.8,0.814,200.6,0.000603,19:05:2025 17:03:58.66,2025-05-19
246.7,0.813,200.4,0.000604,19:05:2025 17:04:01.76,2025-05-19
246.7,0.813,200.3,0.000604,19:05:2025 17:04:04.96,2025-05-19
246.8,0.813,200.4,0.000604,19:05:2025 17:04:08.08,2025-05-19
247.1,0.814,200.9,0.000604,19:05:2025 17:04:11.18,2025-05-19
247.2,0.814,201.0,0.000604,19:05:2025 17:04:14.28,2025-05-19
247.1,0.814,200.9,0.000604,19:05:2025 17:04:17.53,2025-05-19
246.9,0.813,200.6,0.000605,19:05:2025 17:04:21.06,2025-05-19
246.9,0.813,200.5,0.000605,19:05:2025 17:04:24.37,2025-05-19
246.6,0.812,199.9,0.000605,19:05:2025 17:04:27.48,2025-05-19
246.5,0.811,199.7,0.000605,19:05:2025 17:04:30.60,2025-05-19
246.5,0.812,199.9,0.000605,19:05:2025 17:04:33.71,2025-05-19
246.5,0.811,199.7,0.000606,19:05:2025 17:04:36.82,2025-05-19
246.4,0.811,199.5,0.000606,19:05:2025 17:04:39.92,2025-05-19
246.7,0.812,200.1,0.000606,19:05:2025 17:04:43.01,2025-05-19
246.5,0.811,199.8,0.000606,19:05:2025 17:04:46.13,2025-05-19
246.5,0.812,199.8,0.000606,19:05:2025 17:04:49.23,2025-05-19
246.6,0.811,199.8,0.000606,19:05:2025 17:04:52.34,2025-05-19
246.7,0.812,200.0,0.000607,19:05:2025 17:04:55.44,2025-05-19
246.9,0.812,200.1,0.000607,19:05:2025 17:04:58.55,2025-05-19
247.1,0.813,200.6,0.000607,19:05:2025 17:05:01.65,2025-05-19
247.1,0.813,200.6,0.000607,19:05:2025 17:05:04.74,2025-05-19
247.0,0.813,200.5,0.000607,19:05:2025 17:05:07.87,2025-05-19
246.9,0.812,200.3,0.000607,19:05:2025 17:05:10.97,2025-05-19
247.0,0.813,200.4,0.000608,19:05:2025 17:05:14.07,2025-05-19
247.1,0.813,200.5,0.000608,19:05:2025 17:05:17.18,2025-05-19
246.9,0.812,200.2,0.000608,19:05:2025 17:05:20.27,2025-05-19
245.9,0.809,198.6,0.000608,19:05:2025 17:05:23.37,2025-05-19
245.8,0.808,198.5,0.000608,19:05:2025 17:05:26.48,2025-05-19
245.6,0.808,198.1,0.000609,19:05:2025 17:05:29.57,2025-05-19
245.9,0.809,198.6,0.000609,19:05:2025 17:05:32.67,2025-05-19
245.9,0.808,198.5,0.000609,19:05:2025 17:05:35.77,2025-05-19
247.4,0.814,201.0,0.000609,19:05:2025 17:05:38.87,2025-05-19
247.0,0.812,200.3,0.000609,19:05:2025 17:05:42.00,2025-05-19
247.2,0.813,200.7,0.000609,19:05:2025 17:05:45.11,2025-05-19
247.2,0.813,200.6,0.000609,19:05:2025 17:05:48.22,2025-05-19
247.0,0.812,200.3,0.00061,19:05:2025 17:05:51.33,2025-05-19
247.0,0.812,200.3,0.00061,19:05:2025 17:05:54.42,2025-05-19
247.0,0.812,200.3,0.00061,19:05:2025 17:05:57.52,2025-05-19
247.2,0.813,200.6,0.00061,19:05:2025 17:06:00.61,2025-05-19
247.3,0.813,200.7,0.00061,19:05:2025 17:06:03.71,2025-05-19
247.2,0.812,200.5,0.000611,19:05:2025 17:06:06.82,2025-05-19
247.5,0.813,201.0,0.000611,19:05:2025 17:06:09.93,2025-05-19
247.0,0.812,200.2,0.000611,19:05:2025 17:06:13.03,2025-05-19
247.0,0.812,200.3,0.000611,19:05:2025 17:06:16.14,2025-05-19
247.0,0.812,200.2,0.000611,19:05:2025 17:06:19.24,2025-05-19
246.9,0.811,200.0,0.000611,19:05:2025 17:06:22.34,2025-05-19
247.3,0.812,200.6,0.000612,19:05:2025 17:06:25.48,2025-05-19
247.0,0.811,200.1,0.000612,19:05:2025 17:06:28.58,2025-05-19
247.4,0.813,200.8,0.000612,19:05:2025 17:06:31.67,2025-05-19
247.1,0.812,200.3,0.000612,19:05:2025 17:06:34.80,2025-05-19
246.9,0.811,199.9,0.000612,19:05:2025 17:06:38.08,2025-05-19
247.1,0.812,200.3,0.000613,19:05:2025 17:06:41.36,2025-05-19
246.4,0.809,199.2,0.000613,19:05:2025 17:06:44.64,2025-05-19
246.9,0.811,200.1,0.000613,19:05:2025 17:06:48.42,2025-05-19
246.3,0.809,199.1,0.000613,19:05:2025 17:06:51.81,2025-05-19
246.5,0.81,199.3,0.000613,19:05:2025 17:06:54.90,2025-05-19
246.4,0.809,199.2,0.000613,19:05:2025 17:06:58.01,2025-05-19
246.5,0.81,199.4,0.000614,19:05:2025 17:07:01.11,2025-05-19
246.2,0.809,198.9,0.000614,19:05:2025 17:07:04.21,2025-05-19
246.1,0.808,198.6,0.000614,19:05:2025 17:07:07.31,2025-05-19
246.1,0.808,198.6,0.000614,19:05:2025 17:07:10.41,2025-05-19
246.1,0.808,198.7,0.000614,19:05:2025 17:07:13.52,2025-05-19
246.1,0.808,198.7,0.000614,19:05:2025 17:07:16.62,2025-05-19
245.9,0.808,198.3,0.000615,19:05:2025 17:07:19.73,2025-05-19
246.1,0.808,198.7,0.000615,19:05:2025 17:07:22.84,2025-05-19
246.3,0.809,199.0,0.000615,19:05:2025 17:07:25.95,2025-05-19
246.5,0.809,199.2,0.000615,19:05:2025 17:07:29.09,2025-05-19
246.3,0.809,199.0,0.000615,19:05:2025 17:07:32.18,2025-05-19
246.1,0.808,198.7,0.000615,19:05:2025 17:07:35.29,2025-05-19
246.4,0.809,199.0,0.000616,19:05:2025 17:07:38.39,2025-05-19
246.5,0.81,199.3,0.000616,19:05:2025 17:07:41.54,2025-05-19
246.6,0.81,199.4,0.000616,19:05:2025 17:07:44.64,2025-05-19
246.1,0.808,198.6,0.000616,19:05:2025 17:07:47.76,2025-05-19
246.3,0.809,198.9,0.000616,19:05:2025 17:07:50.85,2025-05-19
246.3,0.809,198.9,0.000617,19:05:2025 17:07:53.99,2025-05-19
246.3,0.808,198.8,0.000617,19:05:2025 17:07:57.10,2025-05-19
246.3,0.809,199.0,0.000617,19:05:2025 17:08:00.19,2025-05-19
246.1,0.808,198.6,0.000617,19:05:2025 17:08:03.31,2025-05-19
245.9,0.807,198.2,0.000617,19:05:2025 17:08:06.41,2025-05-19
244.6,0.803,196.2,0.000617,19:05:2025 17:08:09.51,2025-05-19
245.1,0.805,197.0,0.000618,19:05:2025 17:08:12.62,2025-05-19
245.1,0.805,197.0,0.000618,19:05:2025 17:08:15.72,2025-05-19
245.1,0.805,197.0,0.000618,19:05:2025 17:08:18.93,2025-05-19
245.2,0.805,197.1,0.000618,19:05:2025 17:08:22.03,2025-05-19
245.3,0.805,197.2,0.000618,19:05:2025 17:08:25.14,2025-05-19
245.1,0.805,197.0,0.000618,19:05:2025 17:08:28.24,2025-05-19
245.3,0.805,197.3,0.000619,19:05:2025 17:08:31.32,2025-05-19
245.2,0.805,197.1,0.000619,19:05:2025 17:08:34.44,2025-05-19
245.5,0.806,197.5,0.000619,19:05:2025 17:08:37.58,2025-05-19
245.6,0.806,197.7,0.000619,19:05:2025 17:08:40.69,2025-05-19
245.7,0.806,197.8,0.000619,19:05:2025 17:08:43.79,2025-05-19
245.6,0.806,197.8,0.000619,19:05:2025 17:08:46.88,2025-05-19
245.9,0.807,198.2,0.00062,19:05:2025 17:08:49.99,2025-05-19
245.8,0.807,198.0,0.00062,19:05:2025 17:08:53.08,2025-05-19
245.8,0.807,198.0,0.00062,19:05:2025 17:08:56.19,2025-05-19
245.8,0.807,198.1,0.00062,19:05:2025 17:08:59.29,2025-05-19
245.8,0.807,198.2,0.00062,19:05:2025 17:09:02.39,2025-05-19
245.8,0.807,198.1,0.000621,19:05:2025 17:09:05.48,2025-05-19
245.8,0.807,198.1,0.000621,19:05:2025 17:09:08.60,2025-05-19
245.9,0.807,198.2,0.000621,19:05:2025 17:09:11.71,2025-05-19
245.9,0.807,198.2,0.000621,19:05:2025 17:09:14.80,2025-05-19
245.9,0.807,198.2,0.000621,19:05:2025 17:09:17.91,2025-05-19
245.7,0.806,197.8,0.000621,19:05:2025 17:09:21.01,2025-05-19
245.8,0.807,198.0,0.000621,19:05:2025 17:09:24.12,2025-05-19
245.7,0.806,197.8,0.000622,19:05:2025 17:09:27.23,2025-05-19
245.7,0.807,197.9,0.000622,19:05:2025 17:09:30.33,2025-05-19
245.8,0.807,198.1,0.000622,19:05:2025 17:09:33.43,2025-05-19
245.6,0.806,197.7,0.000622,19:05:2025 17:09:36.52,2025-05-19
245.7,0.806,197.9,0.000622,19:05:2025 17:09:39.63,2025-05-19
245.8,0.807,198.1,0.000623,19:05:2025 17:09:42.73,2025-05-19
246.3,0.809,198.9,0.000623,19:05:2025 17:09:48.87,2025-05-19
246.6,0.81,199.4,0.000623,19:05:2025 17:09:51.97,2025-05-19
246.7,0.81,199.5,0.000623,19:05:2025 17:09:55.07,2025-05-19
246.8,0.81,199.6,0.000623,19:05:2025 17:09:58.18,2025-05-19
246.9,0.81,199.8,0.000624,19:05:2025 17:10:01.33,2025-05-19
246.8,0.81,199.7,0.000624,19:05:2025 17:10:04.42,2025-05-19
246.7,0.81,199.5,0.000624,19:05:2025 17:10:07.54,2025-05-19
246.6,0.81,199.4,0.000624,19:05:2025 17:10:10.65,2025-05-19
246.5,0.809,199.3,0.000624,19:05:2025 17:10:13.77,2025-05-19
246.3,0.809,199.0,0.000624,19:05:2025 17:10:16.89,2025-05-19
246.3,0.809,199.0,0.000625,19:05:2025 17:10:20.01,2025-05-19
246.6,0.81,199.5,0.000625,19:05:2025 17:10:23.15,2025-05-19
247.2,0.811,200.3,0.000625,19:05:2025 17:10:26.25,2025-05-19
247.4,0.812,200.7,0.000625,19:05:2025 17:10:29.35,2025-05-19
247.2,0.812,200.3,0.000625,19:05:2025 17:10:32.46,2025-05-19
247.2,0.812,200.4,0.000625,19:05:2025 17:10:35.55,2025-05-19
247.1,0.811,200.3,0.000626,19:05:2025 17:10:38.65,2025-05-19
247.1,0.812,200.3,0.000626,19:05:2025 17:10:41.75,2025-05-19
247.2,0.812,200.3,0.000626,19:05:2025 17:10:44.84,2025-05-19
247.1,0.811,200.2,0.000626,19:05:2025 17:10:47.96,2025-05-19
247.1,0.811,200.2,0.000626,19:05:2025 17:10:51.08,2025-05-19
247.1,0.812,200.3,0.000626,19:05:2025 17:10:54.19,2025-05-19
247.5,0.813,200.8,0.000627,19:05:2025 17:10:57.28,2025-05-19
247.5,0.813,200.9,0.000627,19:05:2025 17:11:00.39,2025-05-19
247.5,0.813,200.8,0.000627,19:05:2025 17:11:03.49,2025-05-19
247.2,0.812,200.4,0.000627,19:05:2025 17:11:06.58,2025-05-19
247.4,0.812,200.9,0.000627,19:05:2025 17:11:09.69,2025-05-19
247.4,0.812,200.7,0.000628,19:05:2025 17:11:12.80,2025-05-19
247.5,0.813,200.8,0.000628,19:05:2025 17:11:16.00,2025-05-19
247.4,0.812,200.7,0.000628,19:05:2025 17:11:19.26,2025-05-19
247.6,0.813,201.0,0.000628,19:05:2025 17:11:22.35,2025-05-19
247.4,0.812,200.8,0.000628,19:05:2025 17:11:25.45,2025-05-19
247.6,0.813,201.1,0.000628,19:05:2025 17:11:28.56,2025-05-19
247.6,0.813,201.0,0.000629,19:05:2025 17:11:31.69,2025-05-19
247.6,0.813,201.0,0.000629,19:05:2025 17:11:34.79,2025-05-19
247.4,0.812,200.7,0.000629,19:05:2025 17:11:37.89,2025-05-19
247.2,0.812,200.5,0.000629,19:05:2025 17:11:40.98,2025-05-19
248.8,0.817,202.9,0.000629,19:05:2025 17:11:44.08,2025-05-19
249.1,0.818,203.4,0.000629,19:05:2025 17:11:47.19,2025-05-19
249.0,0.818,203.4,0.00063,19:05:2025 17:11:50.30,2025-05-19
248.9,0.818,203.3,0.00063,19:05:2025 17:11:53.38,2025-05-19
249.7,0.82,204.5,0.00063,19:05:2025 17:11:56.53,2025-05-19
249.5,0.819,204.1,0.00063,19:05:2025 17:11:59.64,2025-05-19
249.5,0.819,204.2,0.00063,19:05:2025 17:12:02.73,2025-05-19
249.5,0.82,204.2,0.00063,19:05:2025 17:12:05.82,2025-05-19
249.4,0.819,204.1,0.000631,19:05:2025 17:12:08.92,2025-05-19
249.3,0.819,203.9,0.000631,19:05:2025 17:12:12.01,2025-05-19
249.1,0.818,203.5,0.000631,19:05:2025 17:12:15.11,2025-05-19
249.2,0.818,203.7,0.000631,19:05:2025 17:12:18.20,2025-05-19
249.0,0.818,203.4,0.000631,19:05:2025 17:12:21.39,2025-05-19
249.1,0.818,203.5,0.000632,19:05:2025 17:12:24.48,2025-05-19
249.0,0.818,203.4,0.000632,19:05:2025 17:12:27.58,2025-05-19
249.0,0.818,203.4,0.000632,19:05:2025 17:12:30.69,2025-05-19
248.9,0.818,203.3,0.000632,19:05:2025 17:12:33.78,2025-05-19
248.9,0.818,203.2,0.000632,19:05:2025 17:12:36.87,2025-05-19
248.8,0.817,203.1,0.000632,19:05:2025 17:12:39.97,2025-05-19
248.8,0.818,203.1,0.000633,19:05:2025 17:12:43.09,2025-05-19
248.9,0.818,203.3,0.000633,19:05:2025 17:12:46.19,2025-05-19
248.8,0.817,203.1,0.000633,19:05:2025 17:12:49.30,2025-05-19
248.5,0.816,202.6,0.000633,19:05:2025 17:12:52.39,2025-05-19
248.3,0.816,202.2,0.000633,19:05:2025 17:12:55.51,2025-05-19
248.3,0.815,202.2,0.000634,19:05:2025 17:12:58.59,2025-05-19
248.2,0.816,202.1,0.000634,19:05:2025 17:13:01.69,2025-05-19
248.3,0.816,202.3,0.000634,19:05:2025 17:13:04.80,2025-05-19
248.1,0.815,201.9,0.000634,19:05:2025 17:13:07.90,2025-05-19
248.1,0.815,202.0,0.000634,19:05:2025 17:13:10.99,2025-05-19
248.3,0.816,202.4,0.000634,19:05:2025 17:13:14.16,2025-05-19
248.5,0.816,202.6,0.000634,19:05:2025 17:13:17.26,2025-05-19
248.1,0.815,201.9,0.000635,19:05:2025 17:13:20.37,2025-05-19
248.0,0.815,201.7,0.000635,19:05:2025 17:13:23.47,2025-05-19
247.9,0.815,201.8,0.000635,19:05:2025 17:13:26.57,2025-05-19
248.0,0.815,201.8,0.000635,19:05:2025 17:13:29.66,2025-05-19
248.3,0.816,202.2,0.000635,19:05:2025 17:13:32.79,2025-05-19
248.2,0.815,202.1,0.000636,19:05:2025 17:13:35.89,2025-05-19
248.4,0.816,202.4,0.000636,19:05:2025 17:13:39.01,2025-05-19
248.5,0.816,202.6,0.000636,19:05:2025 17:13:42.10,2025-05-19
247.0,0.811,200.1,0.000636,19:05:2025 17:13:45.20,2025-05-19
246.9,0.811,200.0,0.000636,19:05:2025 17:13:48.31,2025-05-19
246.9,0.811,200.0,0.000636,19:05:2025 17:13:51.40,2025-05-19
246.7,0.811,199.7,0.000637,19:05:2025 17:13:54.50,2025-05-19
246.8,0.811,199.9,0.000637,19:05:2025 17:13:57.61,2025-05-19
246.7,0.81,199.6,0.000637,19:05:2025 17:14:00.70,2025-05-19
246.7,0.81,199.6,0.000637,19:05:2025 17:14:03.80,2025-05-19
246.6,0.81,199.6,0.000637,19:05:2025 17:14:06.93,2025-05-19
246.5,0.81,199.5,0.000638,19:05:2025 17:14:10.07,2025-05-19
246.6,0.81,199.5,0.000638,19:05:2025 17:14:13.16,2025-05-19
246.4,0.81,199.2,0.000638,19:05:2025 17:14:16.28,2025-05-19
246.3,0.809,199.1,0.000638,19:05:2025 17:14:19.38,2025-05-19
246.0,0.808,198.6,0.000638,19:05:2025 17:14:22.48,2025-05-19
246.1,0.809,198.8,0.000638,19:05:2025 17:14:25.58,2025-05-19
246.0,0.808,198.7,0.000638,19:05:2025 17:14:28.70,2025-05-19
245.8,0.808,198.3,0.000639,19:05:2025 17:14:31.80,2025-05-19
245.9,0.808,198.4,0.000639,19:05:2025 17:14:34.89,2025-05-19
245.7,0.807,198.1,0.000639,19:05:2025 17:14:37.98,2025-05-19
245.9,0.808,198.4,0.000639,19:05:2025 17:14:41.09,2025-05-19
245.9,0.808,198.5,0.000639,19:05:2025 17:14:44.19,2025-05-19
246.0,0.809,198.7,0.00064,19:05:2025 17:14:47.28,2025-05-19
245.9,0.808,198.5,0.00064,19:05:2025 17:14:50.39,2025-05-19
245.8,0.808,198.4,0.00064,19:05:2025 17:14:53.49,2025-05-19
245.9,0.808,198.4,0.00064,19:05:2025 17:14:56.58,2025-05-19
245.9,0.808,198.3,0.00064,19:05:2025 17:14:59.69,2025-05-19
245.7,0.807,198.1,0.00064,19:05:2025 17:15:02.80,2025-05-19
245.9,0.808,198.4,0.000641,19:05:2025 17:15:05.90,2025-05-19
246.0,0.808,198.7,0.000641,19:05:2025 17:15:09.00,2025-05-19
246.0,0.808,198.6,0.000641,19:05:2025 17:15:12.09,2025-05-19
245.8,0.808,198.3,0.000641,19:05:2025 17:15:15.19,2025-05-19
246.1,0.809,198.7,0.000641,19:05:2025 17:15:18.30,2025-05-19
245.6,0.807,197.9,0.000641,19:05:2025 17:15:21.39,2025-05-19
245.6,0.807,197.9,0.000642,19:05:2025 17:15:24.71,2025-05-19
245.8,0.807,198.2,0.000642,19:05:2025 17:15:27.80,2025-05-19
245.8,0.808,198.2,0.000642,19:05:2025 17:15:30.92,2025-05-19
245.9,0.808,198.4,0.000642,19:05:2025 17:15:34.03,2025-05-19
245.9,0.808,198.5,0.000642,19:05:2025 17:15:37.11,2025-05-19
245.8,0.807,198.1,0.000642,19:05:2025 17:15:40.24,2025-05-19
245.7,0.807,198.1,0.000643,19:05:2025 17:15:43.35,2025-05-19
244.3,0.803,195.9,0.000643,19:05:2025 17:15:46.44,2025-05-19
244.3,0.803,195.8,0.000643,19:05:2025 17:15:49.55,2025-05-19
244.1,0.802,195.5,0.000643,19:05:2025 17:15:52.66,2025-05-19
244.2,0.803,195.7,0.000643,19:05:2025 17:15:55.76,2025-05-19
244.3,0.803,195.8,0.000644,19:05:2025 17:15:58.86,2025-05-19
244.2,0.803,195.8,0.000644,19:05:2025 17:16:01.95,2025-05-19
244.3,0.803,195.9,0.000644,19:05:2025 17:16:05.05,2025-05-19
243.8,0.873,212.5,0.000644,19:05:2025 17:16:08.15,2025-05-19
243.9,0.823,201.0,0.000644,19:05:2025 17:16:11.26,2025-05-19
243.7,0.801,194.9,0.000644,19:05:2025 17:16:14.37,2025-05-19
243.9,0.801,195.2,0.000645,19:05:2025 17:16:17.48,2025-05-19
244.0,0.802,195.4,0.000645,19:05:2025 17:16:20.58,2025-05-19
244.0,0.802,195.5,0.000645,19:05:2025 17:16:23.68,2025-05-19
244.0,0.802,195.3,0.000645,19:05:2025 17:16:26.78,2025-05-19
243.7,0.801,194.8,0.000645,19:05:2025 17:16:29.89,2025-05-19
243.6,0.8,194.7,0.000645,19:05:2025 17:16:32.99,2025-05-19
243.7,0.801,194.8,0.000646,19:05:2025 17:16:36.09,2025-05-19
243.5,0.8,194.6,0.000646,19:05:2025 17:16:39.18,2025-05-19
243.8,0.801,195.1,0.000646,19:05:2025 17:16:42.28,2025-05-19
243.9,0.801,195.2,0.000646,19:05:2025 17:16:45.40,2025-05-19
243.8,0.801,195.1,0.000646,19:05:2025 17:16:48.49,2025-05-19
243.9,0.801,195.3,0.000646,19:05:2025 17:16:51.60,2025-05-19
243.8,0.801,195.0,0.000647,19:05:2025 17:16:54.70,2025-05-19
243.8,0.801,195.2,0.000647,19:05:2025 17:16:57.80,2025-05-19
243.2,0.799,194.1,0.000647,19:05:2025 17:17:00.89,2025-05-19
243.6,0.801,194.7,0.000647,19:05:2025 17:17:03.99,2025-05-19
242.7,0.797,193.3,0.000647,19:05:2025 17:17:07.09,2025-05-19
244.3,0.803,195.9,0.000647,19:05:2025 17:17:10.18,2025-05-19
243.8,0.801,195.1,0.000648,19:05:2025 17:17:13.28,2025-05-19
244.2,0.803,195.8,0.000648,19:05:2025 17:17:16.37,2025-05-19
244.2,0.803,195.7,0.000648,19:05:2025 17:17:19.48,2025-05-19
244.3,0.803,195.8,0.000648,19:05:2025 17:17:22.58,2025-05-19
244.3,0.803,195.8,0.000648,19:05:2025 17:17:25.69,2025-05-19
244.2,0.802,195.7,0.000648,19:05:2025 17:17:28.81,2025-05-19
244.3,0.803,195.9,0.000649,19:05:2025 17:17:31.92,2025-05-19
244.3,0.803,195.9,0.000649,19:05:2025 17:17:35.02,2025-05-19
244.1,0.802,195.6,0.000649,19:05:2025 17:17:38.14,2025-05-19
244.3,0.803,195.8,0.000649,19:05:2025 17:17:41.23,2025-05-19
244.2,0.803,195.8,0.000649,19:05:2025 17:17:44.32,2025-05-19
244.4,0.803,196.0,0.000649,19:05:2025 17:17:47.43,2025-05-19
244.3,0.803,195.9,0.00065,19:05:2025 17:17:50.52,2025-05-19
244.3,0.803,195.9,0.00065,19:05:2025 17:17:53.62,2025-05-19
244.1,0.802,195.6,0.00065,19:05:2025 17:17:56.72,2025-05-19
244.2,0.803,195.8,0.00065,19:05:2025 17:17:59.83,2025-05-19
244.2,0.803,195.8,0.00065,19:05:2025 17:18:02.94,2025-05-19
244.3,0.803,195.9,0.00065,19:05:2025 17:18:06.04,2025-05-19
244.3,0.803,195.9,0.000651,19:05:2025 17:18:09.14,2025-05-19
244.4,0.804,196.2,0.000651,19:05:2025 17:18:12.24,2025-05-19
244.5,0.803,196.1,0.000651,19:05:2025 17:18:15.33,2025-05-19
244.5,0.804,196.3,0.000651,19:05:2025 17:18:18.44,2025-05-19
243.0,0.798,193.8,0.000651,19:05:2025 17:18:21.54,2025-05-19
243.6,0.801,194.8,0.000651,19:05:2025 17:18:24.64,2025-05-19
243.6,0.801,194.8,0.000652,19:05:2025 17:18:27.73,2025-05-19
243.6,0.8,194.7,0.000652,19:05:2025 17:18:33.18,2025-05-19
243.7,0.8,194.8,0.000652,19:05:2025 17:21:08.63,2025-05-19
243.7,0.801,194.9,0.000653,19:05:2025 17:21:08.72,2025-05-19
243.8,0.801,195.0,0.000654,19:05:2025 17:21:08.75,2025-05-19
243.8,0.801,194.9,0.000655,19:05:2025 17:21:08.76,2025-05-19
243.6,0.801,194.8,0.000654,19:05:2025 17:21:08.73,2025-05-19
245.0,0.032,1.4,0.000655,19:05:2025 17:21:08.81,2025-05-19
245.6,0.032,1.3,0.000655,19:05:2025 17:21:08.76,2025-05-19
243.7,0.801,194.9,0.000653,19:05:2025 17:21:08.70,2025-05-19
245.1,0.032,1.3,0.000655,19:05:2025 17:21:08.82,2025-05-19
245.1,0.032,1.4,0.000655,19:05:2025 17:21:08.82,2025-05-19
245.5,0.032,1.3,0.000655,19:05:2025 17:21:08.77,2025-05-19
245.2,0.032,1.3,0.000655,19:05:2025 17:21:08.82,2025-05-19
245.4,0.032,1.4,0.000655,19:05:2025 17:21:08.84,2025-05-19
245.2,0.032,1.4,0.000655,19:05:2025 17:21:08.84,2025-05-19
245.1,0.032,1.3,0.000655,19:05:2025 17:21:08.83,2025-05-19
244.9,0.032,1.3,0.000655,19:05:2025 17:21:08.83,2025-05-19
243.7,0.801,194.8,0.000653,19:05:2025 17:21:08.73,2025-05-19
245.9,0.032,1.3,0.000655,19:05:2025 17:21:08.79,2025-05-19
245.2,0.032,1.4,0.000655,19:05:2025 17:21:13.70,2025-05-19
245.3,0.032,1.4,0.000655,19:05:2025 17:21:16.80,2025-05-19
245.1,0.032,1.3,0.000655,19:05:2025 17:21:19.97,2025-05-19
245.2,0.032,1.4,0.000655,19:05:2025 17:21:23.22,2025-05-19
245.6,0.032,1.4,0.000655,19:05:2025 17:21:26.32,2025-05-19
246.0,0.032,1.4,0.000655,19:05:2025 17:21:29.43,2025-05-19
246.1,0.032,1.3,0.000655,19:05:2025 17:21:32.52,2025-05-19
245.5,0.032,1.4,0.000655,19:05:2025 17:21:35.62,2025-05-19
245.7,0.032,1.4,0.000655,19:05:2025 17:21:38.71,2025-05-19
245.4,0.032,1.3,0.000655,19:05:2025 17:21:41.95,2025-05-19
245.5,0.032,1.4,0.000655,19:05:2025 17:21:45.04,2025-05-19
245.5,0.032,1.4,0.000655,19:05:2025 17:21:48.14,2025-05-19
245.4,0.032,1.4,0.000655,19:05:2025 17:21:51.24,2025-05-19
246.3,0.032,1.4,0.000655,19:05:2025 17:21:54.35,2025-05-19
246.3,0.032,1.4,0.000655,19:05:2025 17:21:57.52,2025-05-19
245.4,0.032,1.4,0.000655,19:05:2025 17:21:58.45,2025-05-19
246.3,0.032,1.4,0.000655,19:05:2025 17:22:00.61,2025-05-19
246.2,0.084,19.1,0.000655,19:05:2025 17:22:03.72,2025-05-19
246.2,0.084,19.1,0.000655,19:05:2025 17:22:06.82,2025-05-19
246.6,0.085,19.2,0.000655,19:05:2025 17:22:09.91,2025-05-19
247.2,0.084,19.2,0.000655,19:05:2025 17:22:13.00,2025-05-19
247.2,0.085,19.2,0.000655,19:05:2025 17:22:16.09,2025-05-19
247.2,0.084,19.2,0.000655,19:05:2025 17:22:19.18,2025-05-19
247.1,0.085,19.2,0.000655,19:05:2025 17:22:22.28,2025-05-19
247.0,0.085,19.2,0.000655,19:05:2025 17:22:25.39,2025-05-19
247.3,0.034,2.5,0.000655,19:05:2025 17:22:28.52,2025-05-19
247.4,0.032,1.4,0.000655,19:05:2025 17:22:31.62,2025-05-19
247.2,0.032,1.4,0.000655,19:05:2025 17:22:34.94,2025-05-19
247.1,0.032,1.4,0.000655,19:05:2025 17:22:38.04,2025-05-19
247.2,0.032,1.4,0.000655,19:05:2025 17:22:41.13,2025-05-19
247.2,0.032,1.4,0.000655,19:05:2025 17:22:44.23,2025-05-19
247.2,0.032,1.4,0.000655,19:05:2025 17:22:47.34,2025-05-19
247.2,0.032,1.4,0.000655,19:05:2025 17:22:50.45,2025-05-19
247.2,0.032,1.3,0.000655,19:05:2025 17:22:54.76,2025-05-19
247.3,0.032,1.4,0.000655,19:05:2025 17:22:57.85,2025-05-19
247.4,0.032,1.4,0.000655,19:05:2025 17:23:00.95,2025-05-19
247.5,0.032,1.4,0.000655,19:05:2025 17:23:04.05,2025-05-19
247.6,0.032,1.4,0.000655,19:05:2025 17:23:07.15,2025-05-19
248.0,0.032,1.4,0.000655,19:05:2025 17:23:10.25,2025-05-19
247.8,0.032,1.4,0.000655,19:05:2025 17:23:13.35,2025-05-19
247.8,0.032,1.4,0.000655,19:05:2025 17:23:16.45,2025-05-19
247.9,0.032,1.4,0.000655,19:05:2025 17:23:19.53,2025-05-19
248.0,0.085,19.4,0.000655,19:05:2025 17:23:22.64,2025-05-19
247.7,0.085,19.3,0.000655,19:05:2025 17:23:25.73,2025-05-19
247.3,0.084,19.2,0.000655,19:05:2025 17:23:28.85,2025-05-19
247.1,0.085,19.2,0.000655,19:05:2025 17:23:31.96,2025-05-19
247.0,0.085,19.3,0.000655,19:05:2025 17:23:35.06,2025-05-19
247.1,0.085,19.2,0.000655,19:05:2025 17:23:38.15,2025-05-19
247.1,0.084,19.2,0.000655,19:05:2025 17:23:41.26,2025-05-19
247.2,0.085,19.3,0.000655,19:05:2025 17:23:44.34,2025-05-19
247.4,0.032,1.4,0.000655,19:05:2025 17:23:47.43,2025-05-19
247.4,0.032,1.4,0.000655,19:05:2025 17:23:50.54,2025-05-19
247.4,0.032,1.3,0.000655,19:05:2025 17:23:53.64,2025-05-19
247.5,0.032,1.4,0.000655,19:05:2025 17:23:56.74,2025-05-19
246.3,0.032,1.4,0.000655,19:05:2025 17:27:06.38,2025-05-19
246.1,0.032,1.4,0.000655,19:05:2025 17:26:50.26,2025-05-19
246.6,0.032,1.4,0.000655,19:05:2025 17:27:14.46,2025-05-19
246.3,0.032,1.4,0.000655,19:05:2025 17:26:58.31,2025-05-19
246.9,0.032,1.4,0.000655,19:05:2025 17:27:17.56,2025-05-19
246.9,0.032,1.4,0.000655,19:05:2025 17:27:20.70,2025-05-19
246.1,0.477,109.2,0.000656,19:05:2025 17:27:23.84,2025-05-19
246.1,0.485,111.3,0.000656,19:05:2025 17:27:26.94,2025-05-19
246.0,0.485,111.4,0.000656,19:05:2025 17:27:30.04,2025-05-19
246.1,0.478,109.5,0.000656,19:05:2025 17:27:33.14,2025-05-19
246.0,0.469,107.3,0.000656,19:05:2025 17:27:36.25,2025-05-19
246.1,0.453,103.0,0.000656,19:05:2025 17:27:39.34,2025-05-19
246.3,0.444,100.7,0.000656,19:05:2025 17:27:42.80,2025-05-19
246.2,0.434,97.9,0.000656,19:05:2025 17:27:45.90,2025-05-19
246.2,0.428,96.5,0.000657,19:05:2025 17:27:49.18,2025-05-19
247.1,0.419,94.3,0.000657,19:05:2025 17:27:52.27,2025-05-19
247.1,0.414,93.0,0.000657,19:05:2025 17:27:55.37,2025-05-19
246.9,0.41,91.8,0.000657,19:05:2025 17:27:58.47,2025-05-19
246.9,0.409,91.5,0.000657,19:05:2025 17:28:01.57,2025-05-19
247.0,0.41,91.9,0.000657,19:05:2025 17:28:04.67,2025-05-19
247.0,0.411,91.9,0.000657,19:05:2025 17:28:07.76,2025-05-19
247.1,0.412,92.3,0.000657,19:05:2025 17:28:10.88,2025-05-19
247.0,0.413,92.7,0.000657,19:05:2025 17:28:13.97,2025-05-19
247.1,0.414,92.8,0.000657,19:05:2025 17:28:17.10,2025-05-19
246.7,0.413,92.5,0.000657,19:05:2025 17:28:20.39,2025-05-19
246.5,0.413,92.4,0.000657,19:05:2025 17:28:23.48,2025-05-19
246.5,0.412,92.1,0.000657,19:05:2025 17:28:26.69,2025-05-19
246.5,0.411,92.0,0.000658,19:05:2025 17:28:29.80,2025-05-19
246.5,0.41,91.6,0.000658,19:05:2025 17:28:32.90,2025-05-19
246.6,0.409,91.4,0.000658,19:05:2025 17:28:35.99,2025-05-19
246.6,0.409,91.5,0.000658,19:05:2025 17:28:39.09,2025-05-19
246.7,0.408,91.1,0.000658,19:05:2025 17:28:42.20,2025-05-19
246.8,0.408,91.3,0.000658,19:05:2025 17:28:45.30,2025-05-19
246.5,0.409,91.4,0.000658,19:05:2025 17:28:48.39,2025-05-19
247.0,0.409,91.5,0.000658,19:05:2025 17:28:51.49,2025-05-19
248.0,0.408,91.6,0.000658,19:05:2025 17:28:54.59,2025-05-19
248.3,0.409,91.9,0.000658,19:05:2025 17:28:57.73,2025-05-19
248.4,0.409,92.0,0.000658,19:05:2025 17:29:00.84,2025-05-19
248.4,0.41,92.2,0.000659,19:05:2025 17:29:03.94,2025-05-19
248.7,0.41,92.2,0.000659,19:05:2025 17:29:07.05,2025-05-19
248.8,0.409,92.1,0.000659,19:05:2025 17:29:10.15,2025-05-19
248.7,0.409,92.0,0.000659,19:05:2025 17:29:13.25,2025-05-19
248.4,0.411,92.6,0.000659,19:05:2025 17:29:16.36,2025-05-19
248.3,0.411,92.4,0.000659,19:05:2025 17:29:19.58,2025-05-19
248.2,0.411,92.3,0.000659,19:05:2025 17:29:22.72,2025-05-19
248.1,0.412,92.6,0.000659,19:05:2025 17:29:25.86,2025-05-19
248.3,0.412,92.7,0.000659,19:05:2025 17:29:29.02,2025-05-19
248.7,0.411,92.5,0.000659,19:05:2025 17:29:32.13,2025-05-19
248.8,0.413,93.1,0.000659,19:05:2025 17:29:35.24,2025-05-19
248.8,0.411,92.7,0.000659,19:05:2025 17:29:38.35,2025-05-19
248.9,0.413,93.0,0.000659,19:05:2025 17:29:41.45,2025-05-19
248.8,0.413,93.1,0.000659,19:05:2025 17:29:44.56,2025-05-19
248.7,0.414,93.3,0.00066,19:05:2025 17:29:47.65,2025-05-19
248.5,0.414,93.4,0.00066,19:05:2025 17:29:50.76,2025-05-19
248.6,0.415,93.7,0.00066,19:05:2025 17:29:53.84,2025-05-19
248.6,0.415,93.6,0.00066,19:05:2025 17:29:56.95,2025-05-19
248.7,0.416,93.8,0.00066,19:05:2025 17:30:00.05,2025-05-19
248.5,0.417,94.1,0.00066,19:05:2025 17:30:03.39,2025-05-19
248.4,0.417,93.9,0.00066,19:05:2025 17:30:06.50,2025-05-19
248.6,0.418,94.4,0.00066,19:05:2025 17:30:09.61,2025-05-19
249.2,0.417,94.4,0.00066,19:05:2025 17:30:12.73,2025-05-19
249.1,0.418,94.6,0.00066,19:05:2025 17:30:15.84,2025-05-19
249.2,0.418,94.7,0.00066,19:05:2025 17:30:18.94,2025-05-19
248.8,0.418,94.5,0.000661,19:05:2025 17:30:22.04,2025-05-19
248.9,0.418,94.5,0.000661,19:05:2025 17:30:25.14,2025-05-19
248.2,0.42,94.9,0.000661,19:05:2025 17:30:28.24,2025-05-19
248.4,0.42,94.9,0.000661,19:05:2025 17:30:31.35,2025-05-19
248.4,0.419,94.7,0.000661,19:05:2025 17:30:34.63,2025-05-19
248.3,0.42,94.8,0.000661,19:05:2025 17:30:37.73,2025-05-19
248.3,0.421,95.0,0.000661,19:05:2025 17:30:40.83,2025-05-19
248.2,0.42,94.9,0.000661,19:05:2025 17:30:43.94,2025-05-19
248.2,0.421,95.0,0.000661,19:05:2025 17:30:47.25,2025-05-19
248.2,0.421,95.2,0.000661,19:05:2025 17:30:50.37,2025-05-19
248.2,0.422,95.3,0.000661,19:05:2025 17:30:53.46,2025-05-19
248.2,0.422,95.3,0.000661,19:05:2025 17:30:56.57,2025-05-19
248.2,0.422,95.4,0.000661,19:05:2025 17:30:59.66,2025-05-19
248.2,0.423,95.6,0.000662,19:05:2025 17:31:02.78,2025-05-19
248.0,0.422,95.4,0.000662,19:05:2025 17:31:05.88,2025-05-19
248.3,0.423,95.7,0.000662,19:05:2025 17:31:08.98,2025-05-19
248.5,0.423,95.8,0.000662,19:05:2025 17:31:12.10,2025-05-19
248.5,0.423,95.8,0.000662,19:05:2025 17:31:15.25,2025-05-19
248.4,0.424,95.9,0.000662,19:05:2025 17:31:18.37,2025-05-19
248.2,0.424,95.8,0.000662,19:05:2025 17:31:21.47,2025-05-19
248.1,0.426,96.4,0.000662,19:05:2025 17:31:24.56,2025-05-19
248.1,0.425,96.3,0.000662,19:05:2025 17:31:27.66,2025-05-19
246.5,0.427,96.3,0.000662,19:05:2025 17:31:30.81,2025-05-19
246.7,0.426,96.1,0.000662,19:05:2025 17:31:33.91,2025-05-19
246.9,0.426,96.0,0.000663,19:05:2025 17:31:37.02,2025-05-19
246.5,0.426,95.9,0.000663,19:05:2025 17:31:40.12,2025-05-19
246.6,0.425,95.9,0.000663,19:05:2025 17:31:43.22,2025-05-19
247.4,0.425,96.1,0.000663,19:05:2025 17:31:46.32,2025-05-19
247.5,0.426,96.2,0.000663,19:05:2025 17:31:49.41,2025-05-19
247.6,0.426,96.4,0.000663,19:05:2025 17:31:52.52,2025-05-19
247.8,0.427,96.5,0.000663,19:05:2025 17:31:55.62,2025-05-19
247.9,0.426,96.5,0.000663,19:05:2025 17:31:58.78,2025-05-19
248.0,0.426,96.6,0.000663,19:05:2025 17:32:01.88,2025-05-19
247.9,0.426,96.4,0.000663,19:05:2025 17:32:04.97,2025-05-19
247.8,0.426,96.4,0.000663,19:05:2025 17:32:08.07,2025-05-19
247.9,0.426,96.6,0.000663,19:05:2025 17:32:11.18,2025-05-19
247.9,0.426,96.3,0.000663,19:05:2025 17:32:14.33,2025-05-19
247.9,0.426,96.4,0.000664,19:05:2025 17:32:17.49,2025-05-19
247.9,0.426,96.4,0.000664,19:05:2025 17:32:20.61,2025-05-19
248.0,0.426,96.4,0.000664,19:05:2025 17:32:23.76,2025-05-19
247.9,0.426,96.4,0.000664,19:05:2025 17:32:26.88,2025-05-19
247.9,0.427,96.7,0.000664,19:05:2025 17:32:29.99,2025-05-19
247.9,0.428,96.9,0.000664,19:05:2025 17:32:33.10,2025-05-19
247.9,0.427,96.8,0.000664,19:05:2025 17:32:36.21,2025-05-19
248.1,0.427,96.7,0.000664,19:05:2025 17:32:39.30,2025-05-19
248.1,0.427,96.7,0.000664,19:05:2025 17:32:42.41,2025-05-19
248.1,0.427,96.7,0.000664,19:05:2025 17:32:45.51,2025-05-19
248.1,0.427,96.8,0.000664,19:05:2025 17:32:48.60,2025-05-19
248.1,0.426,96.6,0.000665,19:05:2025 17:32:51.70,2025-05-19
248.4,0.426,96.5,0.000665,19:05:2025 17:32:54.81,2025-05-19
248.5,0.426,96.6,0.000665,19:05:2025 17:32:57.91,2025-05-19
248.4,0.426,96.4,0.000665,19:05:2025 17:33:01.04,2025-05-19
248.1,0.426,96.3,0.000665,19:05:2025 17:33:04.13,2025-05-19
248.2,0.426,96.4,0.000665,19:05:2025 17:33:07.24,2025-05-19
248.2,0.426,96.6,0.000665,19:05:2025 17:33:10.35,2025-05-19
247.6,0.427,96.6,0.000665,19:05:2025 17:33:13.46,2025-05-19
247.7,0.426,96.4,0.000665,19:05:2025 17:33:16.56,2025-05-19
247.7,0.425,96.0,0.000665,19:05:2025 17:33:19.70,2025-05-19
247.7,0.424,95.9,0.000665,19:05:2025 17:33:22.79,2025-05-19
247.8,0.424,95.8,0.000665,19:05:2025 17:33:25.89,2025-05-19
248.0,0.423,95.7,0.000665,19:05:2025 17:33:28.99,2025-05-19
248.5,0.423,95.6,0.000666,19:05:2025 17:33:32.13,2025-05-19
249.1,0.422,95.5,0.000666,19:05:2025 17:33:35.32,2025-05-19
249.3,0.422,95.5,0.000666,19:05:2025 17:33:38.42,2025-05-19
249.2,0.421,95.4,0.000666,19:05:2025 17:33:41.51,2025-05-19
249.3,0.421,95.3,0.000666,19:05:2025 17:33:44.62,2025-05-19
249.1,0.42,95.1,0.000666,19:05:2025 17:33:47.72,2025-05-19
249.2,0.42,95.0,0.000666,19:05:2025 17:33:50.83,2025-05-19
249.1,0.42,95.2,0.000666,19:05:2025 17:33:53.92,2025-05-19
249.3,0.419,94.9,0.000666,19:05:2025 17:33:57.02,2025-05-19
249.3,0.419,94.8,0.000666,19:05:2025 17:34:00.12,2025-05-19
249.5,0.418,94.6,0.000666,19:05:2025 17:34:03.22,2025-05-19
249.4,0.418,94.6,0.000667,19:05:2025 17:34:06.31,2025-05-19
249.4,0.418,94.5,0.000667,19:05:2025 17:34:09.41,2025-05-19
249.5,0.417,94.4,0.000667,19:05:2025 17:34:12.50,2025-05-19
249.5,0.418,94.5,0.000667,19:05:2025 17:34:15.61,2025-05-19
249.5,0.418,94.5,0.000667,19:05:2025 17:34:18.70,2025-05-19
249.7,0.417,94.5,0.000667,19:05:2025 17:34:21.81,2025-05-19
249.6,0.417,94.4,0.000667,19:05:2025 17:34:24.92,2025-05-19
249.7,0.417,94.5,0.000667,19:05:2025 17:34:28.02,2025-05-19
249.5,0.417,94.4,0.000667,19:05:2025 17:34:31.14,2025-05-19
249.6,0.416,94.2,0.000667,19:05:2025 17:34:34.24,2025-05-19
249.4,0.416,94.2,0.000667,19:05:2025 17:34:37.34,2025-05-19
249.7,0.416,94.2,0.000667,19:05:2025 17:34:40.43,2025-05-19
249.8,0.415,94.0,0.000667,19:05:2025 17:34:43.55,2025-05-19
249.8,0.416,94.1,0.000668,19:05:2025 17:34:46.64,2025-05-19
249.7,0.415,93.9,0.000668,19:05:2025 17:34:49.75,2025-05-19
249.6,0.415,94.0,0.000668,19:05:2025 17:34:52.86,2025-05-19
249.6,0.415,93.8,0.000668,19:05:2025 17:34:55.96,2025-05-19
249.6,0.415,93.9,0.000668,19:05:2025 17:34:59.06,2025-05-19
249.7,0.415,94.0,0.000668,19:05:2025 17:35:02.16,2025-05-19
249.6,0.415,93.8,0.000668,19:05:2025 17:35:05.26,2025-05-19
249.8,0.415,93.8,0.000668,19:05:2025 17:35:08.36,2025-05-19
249.6,0.414,93.5,0.000668,19:05:2025 17:35:11.49,2025-05-19
249.7,0.414,93.5,0.000668,19:05:2025 17:35:14.58,2025-05-19
249.6,0.413,93.3,0.000668,19:05:2025 17:35:17.70,2025-05-19
249.7,0.413,93.3,0.000668,19:05:2025 17:35:20.82,2025-05-19
249.6,0.419,94.2,0.000669,19:05:2025 17:35:23.92,2025-05-19
249.6,0.419,94.2,0.000669,19:05:2025 17:35:27.02,2025-05-19
249.6,0.418,94.1,0.000669,19:05:2025 17:35:30.12,2025-05-19
249.5,0.418,94.1,0.000669,19:05:2025 17:35:33.22,2025-05-19
249.4,0.418,94.1,0.000669,19:05:2025 17:35:36.32,2025-05-19
249.5,0.419,94.2,0.000669,19:05:2025 17:35:39.41,2025-05-19
249.6,0.418,94.0,0.000669,19:05:2025 17:35:42.51,2025-05-19
249.5,0.419,94.2,0.000669,19:05:2025 17:35:45.61,2025-05-19
249.5,0.418,94.0,0.000669,19:05:2025 17:35:48.71,2025-05-19
249.6,0.418,94.0,0.000669,19:05:2025 17:35:51.80,2025-05-19
249.5,0.417,93.8,0.000669,19:05:2025 17:35:54.92,2025-05-19
249.7,0.417,93.9,0.000669,19:05:2025 17:35:58.02,2025-05-19
249.8,0.416,93.7,0.000669,19:05:2025 17:36:01.12,2025-05-19
250.0,0.416,93.7,0.00067,19:05:2025 17:36:04.22,2025-05-19
250.1,0.416,93.7,0.00067,19:05:2025 17:36:07.32,2025-05-19
250.0,0.416,93.6,0.00067,19:05:2025 17:36:10.43,2025-05-19
249.9,0.416,93.5,0.00067,19:05:2025 17:36:13.55,2025-05-19
250.0,0.416,93.7,0.00067,19:05:2025 17:36:16.65,2025-05-19
248.7,0.416,93.3,0.00067,19:05:2025 17:36:19.74,2025-05-19
248.6,0.416,93.2,0.00067,19:05:2025 17:36:22.84,2025-05-19
248.5,0.415,93.0,0.00067,19:05:2025 17:36:25.98,2025-05-19
248.7,0.415,93.0,0.00067,19:05:2025 17:36:29.08,2025-05-19
248.7,0.415,93.0,0.00067,19:05:2025 17:36:32.18,2025-05-19
248.9,0.414,92.9,0.00067,19:05:2025 17:36:35.35,2025-05-19
248.6,0.414,92.9,0.000671,19:05:2025 17:36:38.46,2025-05-19
248.6,0.414,92.8,0.000671,19:05:2025 17:36:41.57,2025-05-19
248.6,0.414,92.8,0.000671,19:05:2025 17:36:44.68,2025-05-19
248.3,0.415,92.8,0.000671,19:05:2025 17:36:47.78,2025-05-19
248.1,0.413,92.5,0.000671,19:05:2025 17:36:50.91,2025-05-19
247.9,0.413,92.4,0.000671,19:05:2025 17:36:54.01,2025-05-19
247.9,0.413,92.4,0.000671,19:05:2025 17:36:57.12,2025-05-19
247.8,0.413,92.4,0.000671,19:05:2025 17:37:00.21,2025-05-19
247.6,0.413,92.4,0.000671,19:05:2025 17:37:03.32,2025-05-19
247.7,0.413,92.3,0.000671,19:05:2025 17:37:06.42,2025-05-19
247.5,0.413,92.2,0.000671,19:05:2025 17:37:09.51,2025-05-19
247.5,0.413,92.2,0.000671,19:05:2025 17:37:12.61,2025-05-19
247.4,0.413,92.2,0.000671,19:05:2025 17:37:15.70,2025-05-19
247.5,0.413,92.1,0.000671,19:05:2025 17:37:18.81,2025-05-19
247.7,0.412,92.1,0.000672,19:05:2025 17:37:21.91,2025-05-19
247.7,0.412,92.0,0.000672,19:05:2025 17:37:25.01,2025-05-19
247.6,0.412,92.0,0.000672,19:05:2025 17:37:28.11,2025-05-19
247.4,0.412,91.9,0.000672,19:05:2025 17:37:31.21,2025-05-19
247.5,0.412,91.8,0.000672,19:05:2025 17:37:34.31,2025-05-19
247.3,0.412,91.9,0.000672,19:05:2025 17:37:37.40,2025-05-19
247.4,0.412,91.8,0.000672,19:05:2025 17:37:40.51,2025-05-19
247.6,0.412,91.9,0.000672,19:05:2025 17:37:43.61,2025-05-19
247.6,0.412,91.9,0.000672,19:05:2025 17:37:46.71,2025-05-19
247.6,0.412,91.8,0.000672,19:05:2025 17:37:49.80,2025-05-19
247.7,0.411,91.7,0.000672,19:05:2025 17:37:52.93,2025-05-19
247.6,0.411,91.6,0.000673,19:05:2025 17:37:56.02,2025-05-19
247.6,0.411,91.6,0.000673,19:05:2025 17:37:59.15,2025-05-19
247.8,0.411,91.7,0.000673,19:05:2025 17:38:02.25,2025-05-19
247.5,0.411,91.7,0.000673,19:05:2025 17:38:05.36,2025-05-19
247.5,0.411,91.6,0.000673,19:05:2025 17:38:08.46,2025-05-19
247.5,0.411,91.6,0.000673,19:05:2025 17:38:11.57,2025-05-19
246.9,0.411,91.5,0.000673,19:05:2025 17:38:14.66,2025-05-19
247.0,0.411,91.5,0.000673,19:05:2025 17:38:17.76,2025-05-19
247.0,0.411,91.5,0.000673,19:05:2025 17:38:20.87,2025-05-19
246.8,0.41,91.2,0.000673,19:05:2025 17:38:23.98,2025-05-19
246.8,0.41,91.1,0.000673,19:05:2025 17:38:27.07,2025-05-19
246.8,0.41,91.1,0.000673,19:05:2025 17:38:30.18,2025-05-19
246.7,0.409,91.0,0.000673,19:05:2025 17:38:33.28,2025-05-19
246.8,0.41,91.1,0.000673,19:05:2025 17:38:36.38,2025-05-19
247.0,0.409,90.9,0.000674,19:05:2025 17:38:39.49,2025-05-19
246.9,0.409,91.0,0.000674,19:05:2025 17:38:42.59,2025-05-19
246.9,0.409,90.9,0.000674,19:05:2025 17:38:45.69,2025-05-19
246.7,0.409,90.9,0.000674,19:05:2025 17:38:48.79,2025-05-19
246.0,0.409,90.7,0.000674,19:05:2025 17:38:51.89,2025-05-19
246.0,0.409,90.6,0.000674,19:05:2025 17:38:54.99,2025-05-19
246.1,0.409,90.7,0.000674,19:05:2025 17:38:58.11,2025-05-19
246.1,0.408,90.5,0.000674,19:05:2025 17:39:01.22,2025-05-19
245.9,0.409,90.6,0.000674,19:05:2025 17:39:04.32,2025-05-19
246.1,0.409,90.6,0.000674,19:05:2025 17:39:07.43,2025-05-19
246.3,0.408,90.6,0.000674,19:05:2025 17:39:10.53,2025-05-19
246.4,0.408,90.4,0.000674,19:05:2025 17:39:13.62,2025-05-19
246.3,0.408,90.6,0.000675,19:05:2025 17:39:16.73,2025-05-19
246.1,0.408,90.5,0.000675,19:05:2025 17:39:19.83,2025-05-19
246.0,0.408,90.5,0.000675,19:05:2025 17:39:22.94,2025-05-19
245.9,0.408,90.3,0.000675,19:05:2025 17:39:26.04,2025-05-19
245.9,0.407,90.2,0.000675,19:05:2025 17:39:29.14,2025-05-19
245.8,0.407,90.2,0.000675,19:05:2025 17:39:32.25,2025-05-19
245.8,0.407,90.2,0.000675,19:05:2025 17:39:35.34,2025-05-19
246.0,0.407,90.1,0.000675,19:05:2025 17:39:38.44,2025-05-19
245.9,0.407,90.1,0.000675,19:05:2025 17:39:41.55,2025-05-19
246.1,0.407,90.1,0.000675,19:05:2025 17:39:44.65,2025-05-19
245.4,0.406,89.8,0.000675,19:05:2025 17:39:47.75,2025-05-19
245.5,0.407,89.9,0.000675,19:05:2025 17:39:50.86,2025-05-19
245.5,0.407,90.0,0.000675,19:05:2025 17:39:53.95,2025-05-19
245.4,0.406,89.9,0.000676,19:05:2025 17:39:57.05,2025-05-19
245.3,0.406,89.8,0.000676,19:05:2025 17:40:00.15,2025-05-19
245.5,0.406,89.9,0.000676,19:05:2025 17:40:03.25,2025-05-19
245.7,0.405,89.6,0.000676,19:05:2025 17:42:12.92,2025-05-19
245.6,0.406,89.7,0.000676,19:05:2025 17:42:12.89,2025-05-19
245.2,0.404,89.2,0.000677,19:05:2025 17:42:13.02,2025-05-19
244.8,0.404,89.0,0.000677,19:05:2025 17:42:13.03,2025-05-19
245.6,0.405,89.5,0.000677,19:05:2025 17:42:13.01,2025-05-19
245.5,0.404,89.3,0.000677,19:05:2025 17:42:13.02,2025-05-19
244.7,0.403,88.8,0.000678,19:05:2025 17:42:13.04,2025-05-19
245.2,0.403,88.7,0.000678,19:05:2025 17:42:13.04,2025-05-19
245.6,0.402,88.7,0.000678,19:05:2025 17:42:13.04,2025-05-19
244.5,0.404,88.8,0.000677,19:05:2025 17:42:13.03,2025-05-19
246.1,0.402,88.6,0.000678,19:05:2025 17:42:13.04,2025-05-19
246.5,0.401,88.7,0.000679,19:05:2025 17:42:13.05,2025-05-19
246.4,0.401,88.5,0.000678,19:05:2025 17:42:13.05,2025-05-19
245.8,0.405,89.6,0.000676,19:05:2025 17:42:12.97,2025-05-19
245.8,0.405,89.6,0.000676,19:05:2025 17:42:13.00,2025-05-19
246.6,0.401,88.6,0.000679,19:05:2025 17:42:15.30,2025-05-19
246.7,0.4,88.4,0.000679,19:05:2025 17:42:18.40,2025-05-19
246.2,0.4,88.2,0.000679,19:05:2025 17:42:21.50,2025-05-19
246.6,0.4,88.4,0.000679,19:05:2025 17:42:24.63,2025-05-19
246.5,0.4,88.4,0.000679,19:05:2025 17:42:27.73,2025-05-19
246.6,0.4,88.3,0.000679,19:05:2025 17:42:30.82,2025-05-19
246.2,0.4,88.3,0.000679,19:05:2025 17:42:33.92,2025-05-19
246.4,0.4,88.2,0.000679,19:05:2025 17:42:37.01,2025-05-19
245.8,0.401,88.3,0.00068,19:05:2025 17:42:40.12,2025-05-19
245.8,0.4,88.2,0.00068,19:05:2025 17:42:43.22,2025-05-19
245.8,0.4,88.1,0.00068,19:05:2025 17:42:46.46,2025-05-19
245.8,0.4,88.1,0.00068,19:05:2025 17:42:49.56,2025-05-19
245.6,0.399,88.0,0.00068,19:05:2025 17:42:52.65,2025-05-19
245.0,0.399,87.9,0.00068,19:05:2025 17:42:55.74,2025-05-19
245.0,0.399,87.8,0.00068,19:05:2025 17:42:58.83,2025-05-19
245.0,0.399,87.7,0.00068,19:05:2025 17:43:01.93,2025-05-19
245.0,0.399,87.8,0.00068,19:05:2025 17:43:05.02,2025-05-19
244.8,0.399,87.7,0.00068,19:05:2025 17:43:08.27,2025-05-19
245.0,0.399,87.6,0.00068,19:05:2025 17:43:11.36,2025-05-19
244.9,0.399,87.6,0.00068,19:05:2025 17:43:14.46,2025-05-19
244.8,0.399,87.6,0.00068,19:05:2025 17:43:17.55,2025-05-19
244.8,0.398,87.5,0.00068,19:05:2025 17:43:20.65,2025-05-19
245.0,0.398,87.5,0.000681,19:05:2025 17:43:23.75,2025-05-19
245.0,0.398,87.5,0.000681,19:05:2025 17:43:26.85,2025-05-19
245.6,0.399,87.9,0.000681,19:05:2025 17:43:29.99,2025-05-19
245.7,0.399,87.8,0.000681,19:05:2025 17:43:33.08,2025-05-19
245.8,0.398,87.6,0.000681,19:05:2025 17:43:36.18,2025-05-19
245.9,0.398,87.6,0.000681,19:05:2025 17:43:39.27,2025-05-19
246.2,0.397,87.6,0.000681,19:05:2025 17:43:42.37,2025-05-19
246.2,0.397,87.6,0.000681,19:05:2025 17:43:45.46,2025-05-19
246.2,0.397,87.5,0.000681,19:05:2025 17:43:48.55,2025-05-19
245.8,0.397,87.5,0.000681,19:05:2025 17:43:51.65,2025-05-19
246.6,0.396,87.4,0.000681,19:05:2025 17:43:54.74,2025-05-19
246.4,0.396,87.4,0.000681,19:05:2025 17:43:57.84,2025-05-19
246.4,0.397,87.5,0.000682,19:05:2025 17:44:00.98,2025-05-19
246.8,0.396,87.4,0.000682,19:05:2025 17:44:04.08,2025-05-19
246.8,0.396,87.4,0.000682,19:05:2025 17:44:07.18,2025-05-19
246.9,0.397,87.5,0.000682,19:05:2025 17:44:10.27,2025-05-19
246.8,0.396,87.4,0.000682,19:05:2025 17:44:13.37,2025-05-19
246.4,0.396,87.3,0.000682,19:05:2025 17:44:16.47,2025-05-19
246.6,0.396,87.4,0.000682,19:05:2025 17:44:19.57,2025-05-19
246.3,0.396,87.3,0.000682,19:05:2025 17:44:22.67,2025-05-19
246.3,0.396,87.3,0.000682,19:05:2025 17:44:25.78,2025-05-19
246.2,0.396,87.1,0.000682,19:05:2025 17:44:28.88,2025-05-19
246.3,0.396,87.3,0.000682,19:05:2025 17:44:31.98,2025-05-19
246.3,0.395,87.1,0.000682,19:05:2025 17:44:35.08,2025-05-19
246.1,0.395,87.0,0.000682,19:05:2025 17:44:38.20,2025-05-19
246.2,0.395,87.0,0.000682,19:05:2025 17:44:41.29,2025-05-19
246.1,0.395,87.0,0.000683,19:05:2025 17:44:44.39,2025-05-19
246.1,0.395,87.0,0.000683,19:05:2025 17:44:47.49,2025-05-19
246.1,0.394,86.8,0.000683,19:05:2025 17:44:50.61,2025-05-19
246.3,0.395,87.0,0.000683,19:05:2025 17:44:53.71,2025-05-19
246.4,0.395,86.9,0.000683,19:05:2025 17:44:56.82,2025-05-19
246.4,0.395,86.9,0.000683,19:05:2025 17:44:59.92,2025-05-19
246.4,0.394,86.8,0.000683,19:05:2025 17:45:03.02,2025-05-19
246.5,0.394,86.9,0.000683,19:05:2025 17:45:06.14,2025-05-19
246.6,0.394,86.9,0.000683,19:05:2025 17:45:09.26,2025-05-19
246.5,0.394,86.8,0.000683,19:05:2025 17:45:12.38,2025-05-19
246.4,0.394,86.9,0.000683,19:05:2025 17:45:15.48,2025-05-19
246.6,0.394,86.8,0.000683,19:05:2025 17:45:18.58,2025-05-19
246.7,0.393,86.6,0.000684,19:05:2025 17:45:21.67,2025-05-19
246.7,0.394,86.8,0.000684,19:05:2025 17:45:25.05,2025-05-19
246.7,0.394,86.7,0.000684,19:05:2025 17:45:28.15,2025-05-19
246.7,0.394,86.7,0.000684,19:05:2025 17:45:31.25,2025-05-19
246.7,0.394,86.7,0.000684,19:05:2025 17:45:34.35,2025-05-19
246.6,0.393,86.6,0.000684,19:05:2025 17:45:37.46,2025-05-19
246.5,0.394,86.6,0.000684,19:05:2025 17:45:40.56,2025-05-19
246.4,0.393,86.6,0.000684,19:05:2025 17:45:43.66,2025-05-19
246.0,0.393,86.4,0.000684,19:05:2025 17:45:46.77,2025-05-19
246.6,0.393,86.4,0.000684,19:05:2025 17:45:49.87,2025-05-19
246.6,0.392,86.3,0.000684,19:05:2025 17:45:52.97,2025-05-19
246.4,0.393,86.5,0.000684,19:05:2025 17:45:56.11,2025-05-19
246.4,0.393,86.4,0.000684,19:05:2025 17:45:59.20,2025-05-19
246.5,0.393,86.3,0.000684,19:05:2025 17:46:02.32,2025-05-19
246.4,0.393,86.2,0.000684,19:05:2025 17:46:05.42,2025-05-19
246.5,0.393,86.3,0.000685,19:05:2025 17:46:08.53,2025-05-19
246.8,0.392,86.3,0.000685,19:05:2025 17:46:11.63,2025-05-19
246.5,0.392,86.2,0.000685,19:05:2025 17:46:14.72,2025-05-19
246.5,0.392,86.2,0.000685,19:05:2025 17:46:17.84,2025-05-19
246.9,0.392,86.2,0.000685,19:05:2025 17:46:20.93,2025-05-19
247.0,0.392,86.3,0.000685,19:05:2025 17:46:24.04,2025-05-19
247.1,0.392,86.3,0.000685,19:05:2025 17:46:27.14,2025-05-19
247.1,0.392,86.2,0.000685,19:05:2025 17:46:30.24,2025-05-19
246.7,0.392,86.2,0.000685,19:05:2025 17:46:33.33,2025-05-19
246.6,0.392,86.1,0.000685,19:05:2025 17:46:36.44,2025-05-19
246.5,0.392,86.1,0.000685,19:05:2025 17:46:39.62,2025-05-19
246.6,0.391,86.0,0.000685,19:05:2025 17:46:42.85,2025-05-19
246.8,0.391,86.0,0.000686,19:05:2025 17:46:45.97,2025-05-19
246.9,0.391,86.0,0.000686,19:05:2025 17:46:49.07,2025-05-19
246.9,0.391,85.9,0.000686,19:05:2025 17:46:52.18,2025-05-19
246.6,0.39,85.7,0.000686,19:05:2025 17:46:55.28,2025-05-19
246.5,0.391,85.8,0.000686,19:05:2025 17:46:58.40,2025-05-19
246.7,0.391,85.8,0.000686,19:05:2025 17:47:01.51,2025-05-19
246.7,0.391,85.8,0.000686,19:05:2025 17:47:04.61,2025-05-19
246.8,0.391,85.8,0.000686,19:05:2025 17:47:07.72,2025-05-19
246.8,0.391,85.8,0.000686,19:05:2025 17:47:10.88,2025-05-19
246.7,0.391,85.8,0.000686,19:05:2025 17:47:13.98,2025-05-19
246.7,0.391,85.8,0.000686,19:05:2025 17:47:17.08,2025-05-19
246.9,0.391,85.9,0.000686,19:05:2025 17:47:20.19,2025-05-19
246.7,0.39,85.5,0.000686,19:05:2025 17:47:23.28,2025-05-19
246.9,0.39,85.6,0.000686,19:05:2025 17:47:26.39,2025-05-19
246.8,0.391,85.8,0.000686,19:05:2025 17:47:29.48,2025-05-19
246.8,0.39,85.7,0.000687,19:05:2025 17:47:32.59,2025-05-19
246.6,0.39,85.7,0.000687,19:05:2025 17:47:35.71,2025-05-19
247.1,0.391,85.8,0.000687,19:05:2025 17:47:38.82,2025-05-19
247.0,0.39,85.7,0.000687,19:05:2025 17:47:41.91,2025-05-19
248.5,0.39,85.9,0.000687,19:05:2025 17:47:45.02,2025-05-19
248.5,0.389,85.7,0.000687,19:05:2025 17:47:48.12,2025-05-19
248.4,0.388,85.4,0.000687,19:05:2025 17:47:51.23,2025-05-19
